chr	start	end	log2_fold_change
chr20	4704409	4704670	2.751
chr7	6557645	6557735	3.346
chr7	5412964	5413361	2.85
chr2	46464581	46464767	3.046
chrX	135098651	135099180	3.026
chr2	46499814	46500475	2.69
chr3	37998914	37999449	3.228
chr7	5486761	5488068	3.255
chr20	5911126	5911906	3.242
chr7	5607061	5607714	3.22
chr2	46616497	46617342	3.155
chr2	47368918	47370143	3.205
chr7	5513400	5514161	2.787
chrX	135031924	135033120	3.102
chr7	6525977	6526746	3.084
chr7	5426774	5428241	3.476
chr7	6058597	6059412	3.097
chr7	6348332	6349203	4.354
chr7	6663773	6664698	3.021
chr20	6052071	6052735	2.847
chr2	46541698	46544265	3.024
chr20	4249093	4249842	2.692
chr2	47191521	47193363	3.211
chr2	47034146	47034911	3.716
chr2	48314106	48315728	3.071
chrX	134373043	134373594	3.316
chr2	48196058	48197362	2.766
chr7	5529672	5532270	2.902
chr20	5112821	5113595	3.161
chrX	134796192	134797382	3.058
chr3	37175800	37176855	2.503
chr2	46940390	46941878	3.143
chr20	4760486	4761348	3.028
chr7	5592622	5594535	3.199
chr7	6503380	6504688	2.98
chrX	134914362	134915747	3.558
chr3	37860400	37861401	2.585
chr7	6081033	6081797	3.521
chrX	134549336	134550882	3.107
chr7	5555056	5556791	3.127
chr20	4221298	4222072	2.933
chr7	6374225	6375026	2.98
chr3	37242911	37243712	3.189
chr7	5071872	5073109	3.291
chr2	46698689	46699696	2.77
chr20	4172153	4172791	2.666
chr20	5610366	5611239	2.687
chr7	5569296	5570610	3.251
chr2	46986348	46987545	2.554
chr3	38024347	38025405	2.564
chr20	6005736	6006471	3.548
chr2	48440406	48441214	2.584
chr2	48111253	48112304	2.79
chr7	6483307	6484464	3.059
chr20	4822643	4824017	2.696
chr7	6104367	6105482	3.032
chr2	47175627	47177035	3.495
chr7	5562057	5563839	3.264
chr20	4686246	4687437	2.441
chr2	47570494	47571981	2.955
chr20	4148481	4149850	3.286
chrX	135342909	135344870	2.711