chrom	chromStart	chromEnd	name	EffectSize	strandPerturbationTarget	PerturbationTargetID	chrTSS	startTSS	endTSS	strandGene	EffectSize95ConfidenceIntervalLow	EffectSize95ConfidenceIntervalHigh	measuredGeneSymbol	measuredEnsemblID	guideSpacerSeq	guideSeq	Significant	pValue	pValueAdjusted	PowerAtEffectSize10	PowerAtEffectSize25	PowerAtEffectSize50	ValidConnection	Notes
chr18	3350272	3352114	Peak_10173|chr18:3350272-3352114	-0.42079	.	Peak_10173|chr18:3350272-3352114	chr18	3350272	3352114	NA	NA	NA	Peak_10173	NA	NA	NA	TRUE	0.0025932	0.0481	NA	NA	NA	NA	NA
chr11	34494360	34497172	Peak_1038|chr11:34494360-34497172	-0.43246	.	Peak_1038|chr11:34494360-34497172	chr11	34494360	34497172	NA	NA	NA	Peak_1038	NA	NA	NA	TRUE	0.014328	0.190572	NA	NA	NA	NA	NA
chr5	76835714	76841081	Peak_1045|chr5:76835714-76841081	-0.40037	.	Peak_1045|chr5:76835714-76841081	chr5	76835714	76841081	NA	NA	NA	Peak_1045	NA	NA	NA	TRUE	0.010554	0.148345	NA	NA	NA	NA	NA
chr9	130846057	130848395	Peak_10487|chr9:130846057-130848395	-0.4259	.	Peak_10487|chr9:130846057-130848395	chr9	130846057	130848395	NA	NA	NA	Peak_10487	NA	NA	NA	TRUE	0.015204	0.199814	NA	NA	NA	NA	NA
chr4	168135805	168140630	Peak_11003|chr4:168135805-168140630	-0.38168	.	Peak_11003|chr4:168135805-168140630	chr4	168135805	168140630	NA	NA	NA	Peak_11003	NA	NA	NA	TRUE	0.0077734	0.116429	NA	NA	NA	NA	NA
chr19	1240913	1249660	Peak_1105|chr19:1240913-1249660	-0.16289	.	Peak_1105|chr19:1240913-1249660	chr19	1240913	1249660	NA	NA	NA	Peak_1105	NA	NA	NA	TRUE	0.0095347	0.13653	NA	NA	NA	NA	NA
chr12	121466217	121467353	Peak_11122|chr12:121466217-121467353	-0.26802	.	Peak_11122|chr12:121466217-121467353	chr12	121466217	121467353	NA	NA	NA	Peak_11122	NA	NA	NA	TRUE	0.0072498	0.110381	NA	NA	NA	NA	NA
chr16	67267314	67268627	Peak_11283|chr16:67267314-67268627	-3.041	.	Peak_11283|chr16:67267314-67268627	chr16	67267314	67268627	NA	NA	NA	Peak_11283	NA	NA	NA	TRUE	2.82E-07	0.000015	NA	NA	NA	NA	NA
chr7	102978078	102979263	Peak_11355|chr7:102978078-102979263	-2.8131	.	Peak_11355|chr7:102978078-102979263	chr7	102978078	102979263	NA	NA	NA	Peak_11355	NA	NA	NA	TRUE	0.00015681	0.004433	NA	NA	NA	NA	NA
chr19	17316897	17318249	Peak_11480|chr19:17316897-17318249	-1.5799	.	Peak_11480|chr19:17316897-17318249	chr19	17316897	17318249	NA	NA	NA	Peak_11480	NA	NA	NA	TRUE	0.00013204	0.003775	NA	NA	NA	NA	NA
chr2	64766718	64771178	Peak_1157|chr2:64766718-64771178	-0.33292	.	Peak_1157|chr2:64766718-64771178	chr2	64766718	64771178	NA	NA	NA	Peak_1157	NA	NA	NA	TRUE	0.0068416	0.105352	NA	NA	NA	NA	NA
chr14	57111178	57112387	Peak_11683|chr14:57111178-57112387	-2.5242	.	Peak_11683|chr14:57111178-57112387	chr14	57111178	57112387	NA	NA	NA	Peak_11683	NA	NA	NA	TRUE	1.41E-06	0.000069	NA	NA	NA	NA	NA
chr5	37506591	37507971	Peak_12195|chr5:37506591-37507971	-3.3404	.	Peak_12195|chr5:37506591-37507971	chr5	37506591	37507971	NA	NA	NA	Peak_12195	NA	NA	NA	TRUE	0.000071228	0.002197	NA	NA	NA	NA	NA
chrX	132957555	132959219	Peak_12453|chrX:132957555-132959219	-0.40152	.	Peak_12453|chrX:132957555-132959219	chrX	132957555	132959219	NA	NA	NA	Peak_12453	NA	NA	NA	TRUE	0.0076141	0.114924	NA	NA	NA	NA	NA
chr2	201148289	201152809	Peak_1246|chr2:201148289-201152809	-1.407	.	Peak_1246|chr2:201148289-201152809	chr2	201148289	201152809	NA	NA	NA	Peak_1246	NA	NA	NA	TRUE	2.82E-07	0.000015	NA	NA	NA	NA	NA
chr20	54178932	54180908	Peak_12778|chr20:54178932-54180908	-0.54476	.	Peak_12778|chr20:54178932-54180908	chr20	54178932	54180908	NA	NA	NA	Peak_12778	NA	NA	NA	TRUE	0.011375	0.157368	NA	NA	NA	NA	NA
chr13	113912971	113913747	Peak_13341|chr13:113912971-113913747	-3.4051	.	Peak_13341|chr13:113912971-113913747	chr13	113912971	113913747	NA	NA	NA	Peak_13341	NA	NA	NA	TRUE	2.82E-07	0.000015	NA	NA	NA	NA	NA
chr13	114063395	114067459	Peak_135|chr13:114063395-114067459	-0.46748	.	Peak_135|chr13:114063395-114067459	chr13	114063395	114067459	NA	NA	NA	Peak_135	NA	NA	NA	TRUE	0.0093973	0.135112	NA	NA	NA	NA	NA
chr1	94321325	94330889	Peak_1396|chr1:94321325-94330889	-0.57913	.	Peak_1396|chr1:94321325-94330889	chr1	94321325	94330889	NA	NA	NA	Peak_1396	NA	NA	NA	TRUE	0.00027337	0.007251	NA	NA	NA	NA	NA
chr8	125642497	125647237	Peak_1410|chr8:125642497-125647237	-0.2552	.	Peak_1410|chr8:125642497-125647237	chr8	125642497	125647237	NA	NA	NA	Peak_1410	NA	NA	NA	TRUE	0.00577	0.091497	NA	NA	NA	NA	NA
chr19	49478921	49479412	Peak_14163|chr19:49478921-49479412	-0.72728	.	Peak_14163|chr19:49478921-49479412	chr19	49478921	49479412	NA	NA	NA	Peak_14163	NA	NA	NA	TRUE	0.0023877	0.044618	NA	NA	NA	NA	NA
chr6	35605502	35606281	Peak_14199|chr6:35605502-35606281	-3.3015	.	Peak_14199|chr6:35605502-35606281	chr6	35605502	35606281	NA	NA	NA	Peak_14199	NA	NA	NA	TRUE	3.66E-06	0.00016	NA	NA	NA	NA	NA
chr17	44813766	44815377	Peak_14599|chr17:44813766-44815377	-2.0407	.	Peak_14599|chr17:44813766-44815377	chr17	44813766	44815377	NA	NA	NA	Peak_14599	NA	NA	NA	TRUE	0.000004223	0.000179	NA	NA	NA	NA	NA
chr3	52605952	52607679	Peak_14666|chr3:52605952-52607679	-0.51184	.	Peak_14666|chr3:52605952-52607679	chr3	52605952	52607679	NA	NA	NA	Peak_14666	NA	NA	NA	TRUE	0.0057137	0.091088	NA	NA	NA	NA	NA
chr19	2154376	2155114	Peak_14675|chr19:2154376-2155114	-0.83327	.	Peak_14675|chr19:2154376-2155114	chr19	2154376	2155114	NA	NA	NA	Peak_14675	NA	NA	NA	TRUE	0.0058556	0.092428	NA	NA	NA	NA	NA
chr8	6592193	6595887	Peak_1472|chr8:6592193-6595887	0.053566	.	Peak_1472|chr8:6592193-6595887	chr8	6592193	6595887	NA	NA	NA	Peak_1472	NA	NA	NA	TRUE	0.013883	0.185638	NA	NA	NA	NA	NA
chr1	75765551	75766586	Peak_14854|chr1:75765551-75766586	-2.5226	.	Peak_14854|chr1:75765551-75766586	chr1	75765551	75766586	NA	NA	NA	Peak_14854	NA	NA	NA	TRUE	3.66E-06	0.00016	NA	NA	NA	NA	NA
chr1	172858852	172860297	Peak_15230|chr1:172858852-172860297	-1.5587	.	Peak_15230|chr1:172858852-172860297	chr1	172858852	172860297	NA	NA	NA	Peak_15230	NA	NA	NA	TRUE	0.000012106	0.000442	NA	NA	NA	NA	NA
chr17	28281992	28283656	Peak_15376|chr17:28281992-28283656	-2.572	.	Peak_15376|chr17:28281992-28283656	chr17	28281992	28283656	NA	NA	NA	Peak_15376	NA	NA	NA	TRUE	0.00016526	0.00465	NA	NA	NA	NA	NA
chr19	4726602	4727343	Peak_15501|chr19:4726602-4727343	-2.5204	.	Peak_15501|chr19:4726602-4727343	chr19	4726602	4727343	NA	NA	NA	Peak_15501	NA	NA	NA	TRUE	0.005926	0.092881	NA	NA	NA	NA	NA
chr12	121811313	121813442	Peak_15646|chr12:121811313-121813442	-0.44298	.	Peak_15646|chr12:121811313-121813442	chr12	121811313	121813442	NA	NA	NA	Peak_15646	NA	NA	NA	TRUE	0.0083782	0.1238	NA	NA	NA	NA	NA
chr17	59769305	59770899	Peak_15787|chr17:59769305-59770899	-3.7458	.	Peak_15787|chr17:59769305-59770899	chr17	59769305	59770899	NA	NA	NA	Peak_15787	NA	NA	NA	TRUE	1.41E-06	0.000069	NA	NA	NA	NA	NA
chr2	223758106	223762138	Peak_1604|chr2:223758106-223762138	-0.5235	.	Peak_1604|chr2:223758106-223762138	chr2	223758106	223762138	NA	NA	NA	Peak_1604	NA	NA	NA	TRUE	0.0091254	0.131857	NA	NA	NA	NA	NA
chr1	145425682	145426120	Peak_16406|chr1:145425682-145426120	-2.7334	.	Peak_16406|chr1:145425682-145426120	chr1	145425682	145426120	NA	NA	NA	Peak_16406	NA	NA	NA	TRUE	1.97E-06	0.000093	NA	NA	NA	NA	NA
chrX	23828605	23829423	Peak_16496|chrX:23828605-23829423	-1.4267	.	Peak_16496|chrX:23828605-23829423	chrX	23828605	23829423	NA	NA	NA	Peak_16496	NA	NA	NA	TRUE	0.00152	0.031309	NA	NA	NA	NA	NA
chr1	31955953	31956619	Peak_16759|chr1:31955953-31956619	-3.4856	.	Peak_16759|chr1:31955953-31956619	chr1	31955953	31956619	NA	NA	NA	Peak_16759	NA	NA	NA	TRUE	2.82E-07	0.000015	NA	NA	NA	NA	NA
chr4	10045185	10046421	Peak_16951|chr4:10045185-10046421	-2.8356	.	Peak_16951|chr4:10045185-10046421	chr4	10045185	10046421	NA	NA	NA	Peak_16951	NA	NA	NA	TRUE	0.00036797	0.00931	NA	NA	NA	NA	NA
chr4	30967141	30968146	Peak_16983|chr4:30967141-30968146	-2.3497	.	Peak_16983|chr4:30967141-30968146	chr4	30967141	30968146	NA	NA	NA	Peak_16983	NA	NA	NA	TRUE	6.48E-06	0.00025	NA	NA	NA	NA	NA
chr1	94648218	94649417	Peak_17034|chr1:94648218-94649417	-0.54119	.	Peak_17034|chr1:94648218-94649417	chr1	94648218	94649417	NA	NA	NA	Peak_17034	NA	NA	NA	TRUE	0.0095342	0.13653	NA	NA	NA	NA	NA
chr18	9363569	9365226	Peak_17144|chr18:9363569-9365226	-3.1055	.	Peak_17144|chr18:9363569-9365226	chr18	9363569	9365226	NA	NA	NA	Peak_17144	NA	NA	NA	TRUE	2.82E-07	0.000015	NA	NA	NA	NA	NA
chr12	49516187	49517575	Peak_17151|chr12:49516187-49517575	-2.1991	.	Peak_17151|chr12:49516187-49517575	chr12	49516187	49517575	NA	NA	NA	Peak_17151	NA	NA	NA	TRUE	0.0017199	0.034523	NA	NA	NA	NA	NA
chr8	142192950	142194614	Peak_17253|chr8:142192950-142194614	-0.27029	.	Peak_17253|chr8:142192950-142194614	chr8	142192950	142194614	NA	NA	NA	Peak_17253	NA	NA	NA	TRUE	0.013291	0.178812	NA	NA	NA	NA	NA
chr17	82888509	82890356	Peak_17366|chr17:82888509-82890356	-0.45429	.	Peak_17366|chr17:82888509-82890356	chr17	82888509	82890356	NA	NA	NA	Peak_17366	NA	NA	NA	TRUE	0.00881	0.128659	NA	NA	NA	NA	NA
chr2	223778387	223779433	Peak_17592|chr2:223778387-223779433	-2.6959	.	Peak_17592|chr2:223778387-223779433	chr2	223778387	223779433	NA	NA	NA	Peak_17592	NA	NA	NA	TRUE	8.45E-07	0.000043	NA	NA	NA	NA	NA
chr5	88743138	88744939	Peak_17600|chr5:88743138-88744939	-2.661	.	Peak_17600|chr5:88743138-88744939	chr5	88743138	88744939	NA	NA	NA	Peak_17600	NA	NA	NA	TRUE	0.000011543	0.00043	NA	NA	NA	NA	NA
chr15	40582608	40583630	Peak_17857|chr15:40582608-40583630	-0.62811	.	Peak_17857|chr15:40582608-40583630	chr15	40582608	40583630	NA	NA	NA	Peak_17857	NA	NA	NA	TRUE	0.014888	0.196242	NA	NA	NA	NA	NA
chr15	40790659	40791171	Peak_17964|chr15:40790659-40791171	-1.0319	.	Peak_17964|chr15:40790659-40791171	chr15	40790659	40791171	NA	NA	NA	Peak_17964	NA	NA	NA	TRUE	0.00032461	0.008394	NA	NA	NA	NA	NA
chr8	127850451	127856331	Peak_1804|chr8:127850451-127856331	-0.49982	.	Peak_1804|chr8:127850451-127856331	chr8	127850451	127856331	NA	NA	NA	Peak_1804	NA	NA	NA	TRUE	0.0044564	0.073856	NA	NA	NA	NA	NA
chr16	69062859	69063726	Peak_18043|chr16:69062859-69063726	-1.5804	.	Peak_18043|chr16:69062859-69063726	chr16	69062859	69063726	NA	NA	NA	Peak_18043	NA	NA	NA	TRUE	0.013928	0.185675	NA	NA	NA	NA	NA
chr1	32350763	32351469	Peak_18071|chr1:32350763-32351469	-0.43503	.	Peak_18071|chr1:32350763-32351469	chr1	32350763	32351469	NA	NA	NA	Peak_18071	NA	NA	NA	TRUE	0.0028894	0.053034	NA	NA	NA	NA	NA
chr7	105348347	105349073	Peak_18103|chr7:105348347-105349073	-3.1786	.	Peak_18103|chr7:105348347-105349073	chr7	105348347	105349073	NA	NA	NA	Peak_18103	NA	NA	NA	TRUE	0.0010752	0.023169	NA	NA	NA	NA	NA
chr12	50218206	50219507	Peak_18177|chr12:50218206-50219507	-2.9753	.	Peak_18177|chr12:50218206-50219507	chr12	50218206	50219507	NA	NA	NA	Peak_18177	NA	NA	NA	TRUE	0.0001219	0.003526	NA	NA	NA	NA	NA
chr16	68141746	68143001	Peak_18183|chr16:68141746-68143001	-0.45348	.	Peak_18183|chr16:68141746-68143001	chr16	68141746	68143001	NA	NA	NA	Peak_18183	NA	NA	NA	TRUE	0.0085662	0.125419	NA	NA	NA	NA	NA
chr3	41507521	41508494	Peak_18198|chr3:41507521-41508494	-2.3604	.	Peak_18198|chr3:41507521-41508494	chr3	41507521	41508494	NA	NA	NA	Peak_18198	NA	NA	NA	TRUE	2.53E-06	0.000115	NA	NA	NA	NA	NA
chr19	5826457	5829776	Peak_1831|chr19:5826457-5829776	-0.33302	.	Peak_1831|chr19:5826457-5829776	chr19	5826457	5829776	NA	NA	NA	Peak_1831	NA	NA	NA	TRUE	0.0021321	0.040843	NA	NA	NA	NA	NA
chr9	137413459	137413915	Peak_18562|chr9:137413459-137413915	-2.7844	.	Peak_18562|chr9:137413459-137413915	chr9	137413459	137413915	NA	NA	NA	Peak_18562	NA	NA	NA	TRUE	0.0075094	0.113491	NA	NA	NA	NA	NA
chr2	226163807	226165137	Peak_18751|chr2:226163807-226165137	-1.0454	.	Peak_18751|chr2:226163807-226165137	chr2	226163807	226165137	NA	NA	NA	Peak_18751	NA	NA	NA	TRUE	0.0056856	0.090722	NA	NA	NA	NA	NA
chr9	4832660	4833189	Peak_18764|chr9:4832660-4833189	-0.58598	.	Peak_18764|chr9:4832660-4833189	chr9	4832660	4833189	NA	NA	NA	Peak_18764	NA	NA	NA	TRUE	0.0090707	0.131818	NA	NA	NA	NA	NA
chr16	57194105	57194937	Peak_18773|chr16:57194105-57194937	-2.911	.	Peak_18773|chr16:57194105-57194937	chr16	57194105	57194937	NA	NA	NA	Peak_18773	NA	NA	NA	TRUE	2.82E-07	0.000015	NA	NA	NA	NA	NA
chr19	49571114	49571984	Peak_18884|chr19:49571114-49571984	-2.4842	.	Peak_18884|chr19:49571114-49571984	chr19	49571114	49571984	NA	NA	NA	Peak_18884	NA	NA	NA	TRUE	0.00053857	0.012902	NA	NA	NA	NA	NA
chr20	31709876	31718377	Peak_189|chr20:31709876-31718377	-0.99361	.	Peak_189|chr20:31709876-31718377	chr20	31709876	31718377	NA	NA	NA	Peak_189	NA	NA	NA	TRUE	0.0001022	0.003005	NA	NA	NA	NA	NA
chr4	101169486	101173496	Peak_19006|chr4:101169486-101173496	-0.50696	.	Peak_19006|chr4:101169486-101173496	chr4	101169486	101173496	NA	NA	NA	Peak_19006	NA	NA	NA	TRUE	0.00095693	0.020981	NA	NA	NA	NA	NA
chr17	41845829	41846769	Peak_19131|chr17:41845829-41846769	-2.5791	.	Peak_19131|chr17:41845829-41846769	chr17	41845829	41846769	NA	NA	NA	Peak_19131	NA	NA	NA	TRUE	0.012377	0.168712	NA	NA	NA	NA	NA
chr16	11627821	11628686	Peak_19206|chr16:11627821-11628686	-0.42421	.	Peak_19206|chr16:11627821-11628686	chr16	11627821	11628686	NA	NA	NA	Peak_19206	NA	NA	NA	TRUE	0.0031568	0.056595	NA	NA	NA	NA	NA
chr2	232567667	232568931	Peak_19323|chr2:232567667-232568931	-0.42691	.	Peak_19323|chr2:232567667-232568931	chr2	232567667	232568931	NA	NA	NA	Peak_19323	NA	NA	NA	TRUE	0.0097774	0.139098	NA	NA	NA	NA	NA
chr7	139666966	139668735	Peak_19422|chr7:139666966-139668735	-3.0218	.	Peak_19422|chr7:139666966-139668735	chr7	139666966	139668735	NA	NA	NA	Peak_19422	NA	NA	NA	TRUE	0.000017174	0.000608	NA	NA	NA	NA	NA
chr6	44040630	44041079	Peak_19498|chr6:44040630-44041079	-1.2266	.	Peak_19498|chr6:44040630-44041079	chr6	44040630	44041079	NA	NA	NA	Peak_19498	NA	NA	NA	TRUE	0.0091254	0.131857	NA	NA	NA	NA	NA
chr2	25294743	25295749	Peak_19681|chr2:25294743-25295749	-0.87178	.	Peak_19681|chr2:25294743-25295749	chr2	25294743	25295749	NA	NA	NA	Peak_19681	NA	NA	NA	TRUE	0.0016934	0.034109	NA	NA	NA	NA	NA
chr6	27230763	27231970	Peak_19682|chr6:27230763-27231970	-2.277	.	Peak_19682|chr6:27230763-27231970	chr6	27230763	27231970	NA	NA	NA	Peak_19682	NA	NA	NA	TRUE	0.00084376	0.018757	NA	NA	NA	NA	NA
chr3	116059912	116060338	Peak_19757|chr3:116059912-116060338	-2.5446	.	Peak_19757|chr3:116059912-116060338	chr3	116059912	116060338	NA	NA	NA	Peak_19757	NA	NA	NA	TRUE	0.0069621	0.106638	NA	NA	NA	NA	NA
chr1	10230186	10231257	Peak_20059|chr1:10230186-10231257	-2.3634	.	Peak_20059|chr1:10230186-10231257	chr1	10230186	10231257	NA	NA	NA	Peak_20059	NA	NA	NA	TRUE	0.000050395	0.001635	NA	NA	NA	NA	NA
chr9	137149430	137151851	Peak_20087|chr9:137149430-137151851	-0.41303	.	Peak_20087|chr9:137149430-137151851	chr9	137149430	137151851	NA	NA	NA	Peak_20087	NA	NA	NA	TRUE	0.0051709	0.083848	NA	NA	NA	NA	NA
chrX	97109180	97109793	Peak_20211|chrX:97109180-97109793	-0.44609	.	Peak_20211|chrX:97109180-97109793	chrX	97109180	97109793	NA	NA	NA	Peak_20211	NA	NA	NA	TRUE	0.0074542	0.112995	NA	NA	NA	NA	NA
chr14	23829355	23830161	Peak_20331|chr14:23829355-23830161	-3.4663	.	Peak_20331|chr14:23829355-23830161	chr14	23829355	23830161	NA	NA	NA	Peak_20331	NA	NA	NA	TRUE	8.45E-07	0.000043	NA	NA	NA	NA	NA
chr3	47703218	47703946	Peak_20349|chr3:47703218-47703946	-1.4018	.	Peak_20349|chr3:47703218-47703946	chr3	47703218	47703946	NA	NA	NA	Peak_20349	NA	NA	NA	TRUE	0.00020073	0.005524	NA	NA	NA	NA	NA
chr5	116044899	116047233	Peak_20552|chr5:116044899-116047233	-0.51998	.	Peak_20552|chr5:116044899-116047233	chr5	116044899	116047233	NA	NA	NA	Peak_20552	NA	NA	NA	TRUE	0.013715	0.183954	NA	NA	NA	NA	NA
chr16	1043769	1044219	Peak_20653|chr16:1043769-1044219	-0.44349	.	Peak_20653|chr16:1043769-1044219	chr16	1043769	1044219	NA	NA	NA	Peak_20653	NA	NA	NA	TRUE	0.010306	0.145335	NA	NA	NA	NA	NA
chr5	53600502	53601047	Peak_20684|chr5:53600502-53601047	-1.9841	.	Peak_20684|chr5:53600502-53601047	chr5	53600502	53601047	NA	NA	NA	Peak_20684	NA	NA	NA	TRUE	2.53E-06	0.000115	NA	NA	NA	NA	NA
chr7	80283054	80284419	Peak_20687|chr7:80283054-80284419	-3.1174	.	Peak_20687|chr7:80283054-80284419	chr7	80283054	80284419	NA	NA	NA	Peak_20687	NA	NA	NA	TRUE	0.0021433	0.040843	NA	NA	NA	NA	NA
chr4	74559175	74560431	Peak_20768|chr4:74559175-74560431	-3.0805	.	Peak_20768|chr4:74559175-74560431	chr4	74559175	74560431	NA	NA	NA	Peak_20768	NA	NA	NA	TRUE	3.66E-06	0.00016	NA	NA	NA	NA	NA
chr21	33579033	33579791	Peak_20892|chr21:33579033-33579791	-0.48311	.	Peak_20892|chr21:33579033-33579791	chr21	33579033	33579791	NA	NA	NA	Peak_20892	NA	NA	NA	TRUE	0.0015679	0.032132	NA	NA	NA	NA	NA
chr19	3989748	3990338	Peak_20989|chr19:3989748-3990338	-2.0651	.	Peak_20989|chr19:3989748-3990338	chr19	3989748	3990338	NA	NA	NA	Peak_20989	NA	NA	NA	TRUE	0.0011039	0.023742	NA	NA	NA	NA	NA
chr12	6778257	6779058	Peak_21066|chr12:6778257-6779058	-0.4622	.	Peak_21066|chr12:6778257-6779058	chr12	6778257	6779058	NA	NA	NA	Peak_21066	NA	NA	NA	TRUE	0.0008781	0.019373	NA	NA	NA	NA	NA
chr12	51262193	51263178	Peak_21082|chr12:51262193-51263178	-3.4776	.	Peak_21082|chr12:51262193-51263178	chr12	51262193	51263178	NA	NA	NA	Peak_21082	NA	NA	NA	TRUE	5.91E-06	0.000231	NA	NA	NA	NA	NA
chr21	33367086	33367907	Peak_21186|chr21:33367086-33367907	-0.90606	.	Peak_21186|chr21:33367086-33367907	chr21	33367086	33367907	NA	NA	NA	Peak_21186	NA	NA	NA	TRUE	0.00022889	0.006192	NA	NA	NA	NA	NA
chr14	104967278	104976084	Peak_212|chr14:104967278-104976084	-0.47972	.	Peak_212|chr14:104967278-104976084	chr14	104967278	104976084	NA	NA	NA	Peak_212	NA	NA	NA	TRUE	0.0045037	0.07457	NA	NA	NA	NA	NA
chr19	42028445	42029010	Peak_21209|chr19:42028445-42029010	-0.43309	.	Peak_21209|chr19:42028445-42029010	chr19	42028445	42029010	NA	NA	NA	Peak_21209	NA	NA	NA	TRUE	0.0064468	0.100231	NA	NA	NA	NA	NA
chr4	39622373	39623274	Peak_21237|chr4:39622373-39623274	-1.6662	.	Peak_21237|chr4:39622373-39623274	chr4	39622373	39623274	NA	NA	NA	Peak_21237	NA	NA	NA	TRUE	0.00050254	0.012155	NA	NA	NA	NA	NA
chr5	57363859	57364734	Peak_21267|chr5:57363859-57364734	-0.43978	.	Peak_21267|chr5:57363859-57364734	chr5	57363859	57364734	NA	NA	NA	Peak_21267	NA	NA	NA	TRUE	0.0031112	0.055996	NA	NA	NA	NA	NA
chr8	125377012	125377853	Peak_21275|chr8:125377012-125377853	-1.055	.	Peak_21275|chr8:125377012-125377853	chr8	125377012	125377853	NA	NA	NA	Peak_21275	NA	NA	NA	TRUE	0.00036797	0.00931	NA	NA	NA	NA	NA
chr9	5675204	5675930	Peak_21306|chr9:5675204-5675930	-2.7636	.	Peak_21306|chr9:5675204-5675930	chr9	5675204	5675930	NA	NA	NA	Peak_21306	NA	NA	NA	TRUE	0.000028435	0.000973	NA	NA	NA	NA	NA
chr17	61565760	61566188	Peak_21328|chr17:61565760-61566188	-2.9321	.	Peak_21328|chr17:61565760-61566188	chr17	61565760	61566188	NA	NA	NA	Peak_21328	NA	NA	NA	TRUE	0.0021439	0.040843	NA	NA	NA	NA	NA
chr4	151540462	151541535	Peak_21448|chr4:151540462-151541535	-0.38529	.	Peak_21448|chr4:151540462-151541535	chr4	151540462	151541535	NA	NA	NA	Peak_21448	NA	NA	NA	TRUE	0.014375	0.190912	NA	NA	NA	NA	NA
chr3	135991641	135992655	Peak_21451|chr3:135991641-135992655	-0.43901	.	Peak_21451|chr3:135991641-135992655	chr3	135991641	135992655	NA	NA	NA	Peak_21451	NA	NA	NA	TRUE	0.0068421	0.105352	NA	NA	NA	NA	NA
chr18	9718587	9719177	Peak_21461|chr18:9718587-9719177	-2.9601	.	Peak_21461|chr18:9718587-9719177	chr18	9718587	9719177	NA	NA	NA	Peak_21461	NA	NA	NA	TRUE	2.82E-07	0.000015	NA	NA	NA	NA	NA
chr4	39514769	39516130	Peak_21474|chr4:39514769-39516130	-2.4391	.	Peak_21474|chr4:39514769-39516130	chr4	39514769	39516130	NA	NA	NA	Peak_21474	NA	NA	NA	TRUE	2.82E-07	0.000015	NA	NA	NA	NA	NA
chr11	28139930	28141285	Peak_21495|chr11:28139930-28141285	0.0022542	.	Peak_21495|chr11:28139930-28141285	chr11	28139930	28141285	NA	NA	NA	Peak_21495	NA	NA	NA	TRUE	0.014459	0.19145	NA	NA	NA	NA	NA
chr6	34409429	34410038	Peak_21524|chr6:34409429-34410038	-2.9986	.	Peak_21524|chr6:34409429-34410038	chr6	34409429	34410038	NA	NA	NA	Peak_21524	NA	NA	NA	TRUE	1.97E-06	0.000093	NA	NA	NA	NA	NA
chr9	136644666	136645193	Peak_21564|chr9:136644666-136645193	-0.33286	.	Peak_21564|chr9:136644666-136645193	chr9	136644666	136645193	NA	NA	NA	Peak_21564	NA	NA	NA	TRUE	0.0064463	0.100231	NA	NA	NA	NA	NA
chr5	181210091	181211204	Peak_21662|chr5:181210091-181211204	-1.9046	.	Peak_21662|chr5:181210091-181211204	chr5	181210091	181211204	NA	NA	NA	Peak_21662	NA	NA	NA	TRUE	0.013928	0.185675	NA	NA	NA	NA	NA
chr3	53072887	53073948	Peak_21691|chr3:53072887-53073948	-0.32935	.	Peak_21691|chr3:53072887-53073948	chr3	53072887	53073948	NA	NA	NA	Peak_21691	NA	NA	NA	TRUE	0.012535	0.170341	NA	NA	NA	NA	NA
chr19	16499417	16499945	Peak_21723|chr19:16499417-16499945	-2.742	.	Peak_21723|chr19:16499417-16499945	chr19	16499417	16499945	NA	NA	NA	Peak_21723	NA	NA	NA	TRUE	0.00026042	0.006938	NA	NA	NA	NA	NA
chr9	21796902	21797469	Peak_21825|chr9:21796902-21797469	-1.6697	.	Peak_21825|chr9:21796902-21797469	chr9	21796902	21797469	NA	NA	NA	Peak_21825	NA	NA	NA	TRUE	0.011216	0.155538	NA	NA	NA	NA	NA
chr20	9978026	9978583	Peak_21925|chr20:9978026-9978583	-2.9835	.	Peak_21925|chr20:9978026-9978583	chr20	9978026	9978583	NA	NA	NA	Peak_21925	NA	NA	NA	TRUE	2.82E-07	0.000015	NA	NA	NA	NA	NA
chr1	200659284	200660057	Peak_22025|chr1:200659284-200660057	-2.5169	.	Peak_22025|chr1:200659284-200660057	chr1	200659284	200660057	NA	NA	NA	Peak_22025	NA	NA	NA	TRUE	0.000054336	0.00174	NA	NA	NA	NA	NA
chr6	106309579	106310777	Peak_22035|chr6:106309579-106310777	-0.58713	.	Peak_22035|chr6:106309579-106310777	chr6	106309579	106310777	NA	NA	NA	Peak_22035	NA	NA	NA	TRUE	0.0068416	0.105352	NA	NA	NA	NA	NA
chr1	84150380	84150848	Peak_22103|chr1:84150380-84150848	-1.923	.	Peak_22103|chr1:84150380-84150848	chr1	84150380	84150848	NA	NA	NA	Peak_22103	NA	NA	NA	TRUE	0.00069792	0.015959	NA	NA	NA	NA	NA
chr20	36329146	36329808	Peak_22107|chr20:36329146-36329808	-2.1325	.	Peak_22107|chr20:36329146-36329808	chr20	36329146	36329808	NA	NA	NA	Peak_22107	NA	NA	NA	TRUE	0.00070018	0.015989	NA	NA	NA	NA	NA
chr2	69997424	69997868	Peak_22115|chr2:69997424-69997868	-1.8577	.	Peak_22115|chr2:69997424-69997868	chr2	69997424	69997868	NA	NA	NA	Peak_22115	NA	NA	NA	TRUE	3.66E-06	0.00016	NA	NA	NA	NA	NA
chr18	54968500	54969155	Peak_22152|chr18:54968500-54969155	-3.7566	.	Peak_22152|chr18:54968500-54969155	chr18	54968500	54969155	NA	NA	NA	Peak_22152	NA	NA	NA	TRUE	2.82E-07	0.000015	NA	NA	NA	NA	NA
chr21	35293778	35295233	Peak_22153|chr21:35293778-35295233	-0.35537	.	Peak_22153|chr21:35293778-35295233	chr21	35293778	35295233	NA	NA	NA	Peak_22153	NA	NA	NA	TRUE	0.0023578	0.044164	NA	NA	NA	NA	NA
chr19	3379653	3380983	Peak_22250|chr19:3379653-3380983	-2.3223	.	Peak_22250|chr19:3379653-3380983	chr19	3379653	3380983	NA	NA	NA	Peak_22250	NA	NA	NA	TRUE	0.00049972	0.012117	NA	NA	NA	NA	NA
chr7	130870359	130871361	Peak_22287|chr7:130870359-130871361	-2.902	.	Peak_22287|chr7:130870359-130871361	chr7	130870359	130871361	NA	NA	NA	Peak_22287	NA	NA	NA	TRUE	2.82E-07	0.000015	NA	NA	NA	NA	NA
chr6	119540495	119541207	Peak_22404|chr6:119540495-119541207	-1.3034	.	Peak_22404|chr6:119540495-119541207	chr6	119540495	119541207	NA	NA	NA	Peak_22404	NA	NA	NA	TRUE	0.0024389	0.045527	NA	NA	NA	NA	NA
chr19	17261072	17261327	Peak_22489|chr19:17261072-17261327	-2.8662	.	Peak_22489|chr19:17261072-17261327	chr19	17261072	17261327	NA	NA	NA	Peak_22489	NA	NA	NA	TRUE	0.00017821	0.00495	NA	NA	NA	NA	NA
chr20	34414624	34415682	Peak_22498|chr20:34414624-34415682	-0.56923	.	Peak_22498|chr20:34414624-34415682	chr20	34414624	34415682	NA	NA	NA	Peak_22498	NA	NA	NA	TRUE	0.000099382	0.002937	NA	NA	NA	NA	NA
chr9	129565659	129566156	Peak_22554|chr9:129565659-129566156	-3.154	.	Peak_22554|chr9:129565659-129566156	chr9	129565659	129566156	NA	NA	NA	Peak_22554	NA	NA	NA	TRUE	8.45E-07	0.000043	NA	NA	NA	NA	NA
chr1	244735218	244735916	Peak_22574|chr1:244735218-244735916	-2.977	.	Peak_22574|chr1:244735218-244735916	chr1	244735218	244735916	NA	NA	NA	Peak_22574	NA	NA	NA	TRUE	2.82E-07	0.000015	NA	NA	NA	NA	NA
chr4	56134545	56135039	Peak_22592|chr4:56134545-56135039	-2.4572	.	Peak_22592|chr4:56134545-56135039	chr4	56134545	56135039	NA	NA	NA	Peak_22592	NA	NA	NA	TRUE	6.48E-06	0.00025	NA	NA	NA	NA	NA
chr9	137296220	137297500	Peak_22685|chr9:137296220-137297500	-0.32401	.	Peak_22685|chr9:137296220-137297500	chr9	137296220	137297500	NA	NA	NA	Peak_22685	NA	NA	NA	TRUE	0.015204	0.199814	NA	NA	NA	NA	NA
chr12	75670241	75670723	Peak_22741|chr12:75670241-75670723	-1.6577	.	Peak_22741|chr12:75670241-75670723	chr12	75670241	75670723	NA	NA	NA	Peak_22741	NA	NA	NA	TRUE	0.000012106	0.000442	NA	NA	NA	NA	NA
chr19	12757520	12758306	Peak_22747|chr19:12757520-12758306	-0.27586	.	Peak_22747|chr19:12757520-12758306	chr19	12757520	12758306	NA	NA	NA	Peak_22747	NA	NA	NA	TRUE	0.012782	0.172765	NA	NA	NA	NA	NA
chr4	31011647	31013364	Peak_22773|chr4:31011647-31013364	-2.397	.	Peak_22773|chr4:31011647-31013364	chr4	31011647	31013364	NA	NA	NA	Peak_22773	NA	NA	NA	TRUE	8.45E-07	0.000043	NA	NA	NA	NA	NA
chr6	77368661	77369172	Peak_22801|chr6:77368661-77369172	-2.4296	.	Peak_22801|chr6:77368661-77369172	chr6	77368661	77369172	NA	NA	NA	Peak_22801	NA	NA	NA	TRUE	0.000038007	0.001261	NA	NA	NA	NA	NA
chr11	65546839	65547207	Peak_22815|chr11:65546839-65547207	-0.60371	.	Peak_22815|chr11:65546839-65547207	chr11	65546839	65547207	NA	NA	NA	Peak_22815	NA	NA	NA	TRUE	0.0017261	0.03453	NA	NA	NA	NA	NA
chr12	108605857	108606308	Peak_22897|chr12:108605857-108606308	-1.7709	.	Peak_22897|chr12:108605857-108606308	chr12	108605857	108606308	NA	NA	NA	Peak_22897	NA	NA	NA	TRUE	0.003395	0.059205	NA	NA	NA	NA	NA
chr5	181098821	181099425	Peak_22920|chr5:181098821-181099425	-2.5649	.	Peak_22920|chr5:181098821-181099425	chr5	181098821	181099425	NA	NA	NA	Peak_22920	NA	NA	NA	TRUE	0.010166	0.144167	NA	NA	NA	NA	NA
chr6	155850383	155850938	Peak_23016|chr6:155850383-155850938	-3.0826	.	Peak_23016|chr6:155850383-155850938	chr6	155850383	155850938	NA	NA	NA	Peak_23016	NA	NA	NA	TRUE	0.000012106	0.000442	NA	NA	NA	NA	NA
chr10	4686047	4687048	Peak_23020|chr10:4686047-4687048	-0.54213	.	Peak_23020|chr10:4686047-4687048	chr10	4686047	4687048	NA	NA	NA	Peak_23020	NA	NA	NA	TRUE	0.00084376	0.018757	NA	NA	NA	NA	NA
chr14	68082387	68083027	Peak_23025|chr14:68082387-68083027	-2.8455	.	Peak_23025|chr14:68082387-68083027	chr14	68082387	68083027	NA	NA	NA	Peak_23025	NA	NA	NA	TRUE	0.00041977	0.010381	NA	NA	NA	NA	NA
chr3	102512109	102513012	Peak_23217|chr3:102512109-102513012	-2.7916	.	Peak_23217|chr3:102512109-102513012	chr3	102512109	102513012	NA	NA	NA	Peak_23217	NA	NA	NA	TRUE	0.0035285	0.061309	NA	NA	NA	NA	NA
chr4	124641531	124642146	Peak_23234|chr4:124641531-124642146	-0.5821	.	Peak_23234|chr4:124641531-124642146	chr4	124641531	124642146	NA	NA	NA	Peak_23234	NA	NA	NA	TRUE	0.012535	0.170341	NA	NA	NA	NA	NA
chr19	13672219	13672786	Peak_23440|chr19:13672219-13672786	-2.5026	.	Peak_23440|chr19:13672219-13672786	chr19	13672219	13672786	NA	NA	NA	Peak_23440	NA	NA	NA	TRUE	0.005207	0.084309	NA	NA	NA	NA	NA
chr5	65823503	65824016	Peak_23662|chr5:65823503-65824016	-2.3199	.	Peak_23662|chr5:65823503-65824016	chr5	65823503	65824016	NA	NA	NA	Peak_23662	NA	NA	NA	TRUE	0.00050366	0.012165	NA	NA	NA	NA	NA
chr1	45411153	45411929	Peak_23723|chr1:45411153-45411929	-2.6553	.	Peak_23723|chr1:45411153-45411929	chr1	45411153	45411929	NA	NA	NA	Peak_23723	NA	NA	NA	TRUE	2.53E-06	0.000115	NA	NA	NA	NA	NA
chr9	89299344	89299880	Peak_23849|chr9:89299344-89299880	-3.1174	.	Peak_23849|chr9:89299344-89299880	chr9	89299344	89299880	NA	NA	NA	Peak_23849	NA	NA	NA	TRUE	0.0021433	0.040843	NA	NA	NA	NA	NA
chr17	81792586	81793712	Peak_23890|chr17:81792586-81793712	-2.8356	.	Peak_23890|chr17:81792586-81793712	chr17	81792586	81793712	NA	NA	NA	Peak_23890	NA	NA	NA	TRUE	0.0048579	0.079387	NA	NA	NA	NA	NA
chr10	99973350	99974032	Peak_23903|chr10:99973350-99974032	-1.6824	.	Peak_23903|chr10:99973350-99974032	chr10	99973350	99974032	NA	NA	NA	Peak_23903	NA	NA	NA	TRUE	0.00019623	0.005408	NA	NA	NA	NA	NA
chr18	9933152	9933654	Peak_23965|chr18:9933152-9933654	-0.83089	.	Peak_23965|chr18:9933152-9933654	chr18	9933152	9933654	NA	NA	NA	Peak_23965	NA	NA	NA	TRUE	0.0030172	0.054922	NA	NA	NA	NA	NA
chr6	165515896	165516281	Peak_23981|chr6:165515896-165516281	-3.054	.	Peak_23981|chr6:165515896-165516281	chr6	165515896	165516281	NA	NA	NA	Peak_23981	NA	NA	NA	TRUE	2.82E-07	0.000015	NA	NA	NA	NA	NA
chr2	10658762	10659303	Peak_24086|chr2:10658762-10659303	-1.4921	.	Peak_24086|chr2:10658762-10659303	chr2	10658762	10659303	NA	NA	NA	Peak_24086	NA	NA	NA	TRUE	0.0033427	0.058427	NA	NA	NA	NA	NA
chr14	22570631	22571110	Peak_24118|chr14:22570631-22571110	-1.1293	.	Peak_24118|chr14:22570631-22571110	chr14	22570631	22571110	NA	NA	NA	Peak_24118	NA	NA	NA	TRUE	0.000067287	0.002083	NA	NA	NA	NA	NA
chr4	142398551	142399116	Peak_24169|chr4:142398551-142399116	-0.43359	.	Peak_24169|chr4:142398551-142399116	chr4	142398551	142399116	NA	NA	NA	Peak_24169	NA	NA	NA	TRUE	0.0095893	0.136907	NA	NA	NA	NA	NA
chr9	127504319	127505254	Peak_24331|chr9:127504319-127505254	-0.36096	.	Peak_24331|chr9:127504319-127505254	chr9	127504319	127505254	NA	NA	NA	Peak_24331	NA	NA	NA	TRUE	0.0069446	0.106638	NA	NA	NA	NA	NA
chr20	881709	882159	Peak_24497|chr20:881709-882159	-0.31308	.	Peak_24497|chr20:881709-882159	chr20	881709	882159	NA	NA	NA	Peak_24497	NA	NA	NA	TRUE	0.0094649	0.135751	NA	NA	NA	NA	NA
chr2	12815927	12816481	Peak_24498|chr2:12815927-12816481	-2.8616	.	Peak_24498|chr2:12815927-12816481	chr2	12815927	12816481	NA	NA	NA	Peak_24498	NA	NA	NA	TRUE	0.0003888	0.009711	NA	NA	NA	NA	NA
chr4	56129564	56130058	Peak_24535|chr4:56129564-56130058	-3.1709	.	Peak_24535|chr4:56129564-56130058	chr4	56129564	56130058	NA	NA	NA	Peak_24535	NA	NA	NA	TRUE	0.000039696	0.001312	NA	NA	NA	NA	NA
chr19	19394490	19394992	Peak_24569|chr19:19394490-19394992	-3.0438	.	Peak_24569|chr19:19394490-19394992	chr19	19394490	19394992	NA	NA	NA	Peak_24569	NA	NA	NA	TRUE	4.79E-06	0.000195	NA	NA	NA	NA	NA
chr7	74197397	74198353	Peak_24719|chr7:74197397-74198353	-0.33986	.	Peak_24719|chr7:74197397-74198353	chr7	74197397	74198353	NA	NA	NA	Peak_24719	NA	NA	NA	TRUE	0.0045989	0.075585	NA	NA	NA	NA	NA
chr21	28988247	28989278	Peak_24769|chr21:28988247-28989278	-3.3828	.	Peak_24769|chr21:28988247-28989278	chr21	28988247	28989278	NA	NA	NA	Peak_24769	NA	NA	NA	TRUE	0.0015977	0.032292	NA	NA	NA	NA	NA
chr6	52352128	52352906	Peak_24783|chr6:52352128-52352906	-0.43228	.	Peak_24783|chr6:52352128-52352906	chr6	52352128	52352906	NA	NA	NA	Peak_24783	NA	NA	NA	TRUE	0.00084319	0.018757	NA	NA	NA	NA	NA
chr9	89298756	89299237	Peak_24787|chr9:89298756-89299237	-3.0696	.	Peak_24787|chr9:89298756-89299237	chr9	89298756	89299237	NA	NA	NA	Peak_24787	NA	NA	NA	TRUE	0.0021433	0.040843	NA	NA	NA	NA	NA
chr15	80003225	80003742	Peak_24864|chr15:80003225-80003742	-0.48615	.	Peak_24864|chr15:80003225-80003742	chr15	80003225	80003742	NA	NA	NA	Peak_24864	NA	NA	NA	TRUE	0.0045228	0.074816	NA	NA	NA	NA	NA
chr17	2493396	2494208	Peak_24867|chr17:2493396-2494208	-0.66919	.	Peak_24867|chr17:2493396-2494208	chr17	2493396	2494208	NA	NA	NA	Peak_24867	NA	NA	NA	TRUE	0.00037078	0.009341	NA	NA	NA	NA	NA
chr1	246138007	246138484	Peak_24994|chr1:246138007-246138484	-4.0882	.	Peak_24994|chr1:246138007-246138484	chr1	246138007	246138484	NA	NA	NA	Peak_24994	NA	NA	NA	TRUE	2.53E-06	0.000115	NA	NA	NA	NA	NA
chr1	161539816	161540237	Peak_25006|chr1:161539816-161540237	-2.7338	.	Peak_25006|chr1:161539816-161540237	chr1	161539816	161540237	NA	NA	NA	Peak_25006	NA	NA	NA	TRUE	0.0032925	0.057906	NA	NA	NA	NA	NA
chrX	134909274	134909851	Peak_25124|chrX:134909274-134909851	-1.652	.	Peak_25124|chrX:134909274-134909851	chrX	134909274	134909851	NA	NA	NA	Peak_25124	NA	NA	NA	TRUE	0.0001129	0.003292	NA	NA	NA	NA	NA
chr10	112480431	112481141	Peak_25177|chr10:112480431-112481141	-3.364	.	Peak_25177|chr10:112480431-112481141	chr10	112480431	112481141	NA	NA	NA	Peak_25177	NA	NA	NA	TRUE	0.000004223	0.000179	NA	NA	NA	NA	NA
chr4	168611004	168612083	Peak_25180|chr4:168611004-168612083	-0.42987	.	Peak_25180|chr4:168611004-168612083	chr4	168611004	168612083	NA	NA	NA	Peak_25180	NA	NA	NA	TRUE	0.00065682	0.01513	NA	NA	NA	NA	NA
chr16	67833181	67833862	Peak_25240|chr16:67833181-67833862	-2.0087	.	Peak_25240|chr16:67833181-67833862	chr16	67833181	67833862	NA	NA	NA	Peak_25240	NA	NA	NA	TRUE	2.82E-07	0.000015	NA	NA	NA	NA	NA
chr4	76301658	76302199	Peak_25250|chr4:76301658-76302199	-1.1168	.	Peak_25250|chr4:76301658-76302199	chr4	76301658	76302199	NA	NA	NA	Peak_25250	NA	NA	NA	TRUE	0.0018286	0.036209	NA	NA	NA	NA	NA
chr8	98601618	98602556	Peak_25251|chr8:98601618-98602556	-2.5917	.	Peak_25251|chr8:98601618-98602556	chr8	98601618	98602556	NA	NA	NA	Peak_25251	NA	NA	NA	TRUE	0.00021368	0.005853	NA	NA	NA	NA	NA
chr1	214514002	214515327	Peak_25274|chr1:214514002-214515327	-0.63268	.	Peak_25274|chr1:214514002-214515327	chr1	214514002	214515327	NA	NA	NA	Peak_25274	NA	NA	NA	TRUE	0.0014068	0.029172	NA	NA	NA	NA	NA
chr11	129278592	129278934	Peak_25275|chr11:129278592-129278934	-0.79478	.	Peak_25275|chr11:129278592-129278934	chr11	129278592	129278934	NA	NA	NA	Peak_25275	NA	NA	NA	TRUE	0.0038866	0.065967	NA	NA	NA	NA	NA
chr7	151597870	151598194	Peak_25448|chr7:151597870-151598194	-3.2219	.	Peak_25448|chr7:151597870-151598194	chr7	151597870	151598194	NA	NA	NA	Peak_25448	NA	NA	NA	TRUE	0.0015977	0.032292	NA	NA	NA	NA	NA
chr17	51124812	51125233	Peak_25506|chr17:51124812-51125233	-3.097	.	Peak_25506|chr17:51124812-51125233	chr17	51124812	51125233	NA	NA	NA	Peak_25506	NA	NA	NA	TRUE	0.0021484	0.040851	NA	NA	NA	NA	NA
chr18	49655621	49656074	Peak_25516|chr18:49655621-49656074	-0.56547	.	Peak_25516|chr18:49655621-49656074	chr18	49655621	49656074	NA	NA	NA	Peak_25516	NA	NA	NA	TRUE	0.0056597	0.090473	NA	NA	NA	NA	NA
chr15	36611979	36612432	Peak_25544|chr15:36611979-36612432	-1.8821	.	Peak_25544|chr15:36611979-36612432	chr15	36611979	36612432	NA	NA	NA	Peak_25544	NA	NA	NA	TRUE	0.00037134	0.009341	NA	NA	NA	NA	NA
chr8	22175765	22176824	Peak_25568|chr8:22175765-22176824	-0.41656	.	Peak_25568|chr8:22175765-22176824	chr8	22175765	22176824	NA	NA	NA	Peak_25568	NA	NA	NA	TRUE	0.010623	0.14908	NA	NA	NA	NA	NA
chr19	49713271	49714040	Peak_25691|chr19:49713271-49714040	-0.33943	.	Peak_25691|chr19:49713271-49714040	chr19	49713271	49714040	NA	NA	NA	Peak_25691	NA	NA	NA	TRUE	0.0073737	0.111879	NA	NA	NA	NA	NA
chr8	127348448	127349701	Peak_25740|chr8:127348448-127349701	-1.6962	.	Peak_25740|chr8:127348448-127349701	chr8	127348448	127349701	NA	NA	NA	Peak_25740	NA	NA	NA	TRUE	0.00058587	0.013694	NA	NA	NA	NA	NA
chr7	92306189	92306889	Peak_25775|chr7:92306189-92306889	-2.0079	.	Peak_25775|chr7:92306189-92306889	chr7	92306189	92306889	NA	NA	NA	Peak_25775	NA	NA	NA	TRUE	0.0018657	0.03682	NA	NA	NA	NA	NA
chr18	58290142	58290706	Peak_25776|chr18:58290142-58290706	-2.9792	.	Peak_25776|chr18:58290142-58290706	chr18	58290142	58290706	NA	NA	NA	Peak_25776	NA	NA	NA	TRUE	2.82E-07	0.000015	NA	NA	NA	NA	NA
chr12	51631404	51632169	Peak_25830|chr12:51631404-51632169	-0.46158	.	Peak_25830|chr12:51631404-51632169	chr12	51631404	51632169	NA	NA	NA	Peak_25830	NA	NA	NA	TRUE	0.014156	0.188437	NA	NA	NA	NA	NA
chr10	112496646	112497209	Peak_25842|chr10:112496646-112497209	-2.8479	.	Peak_25842|chr10:112496646-112497209	chr10	112496646	112497209	NA	NA	NA	Peak_25842	NA	NA	NA	TRUE	0.0048573	0.079387	NA	NA	NA	NA	NA
chr17	59780254	59780540	Peak_25859|chr17:59780254-59780540	-3.4733	.	Peak_25859|chr17:59780254-59780540	chr17	59780254	59780540	NA	NA	NA	Peak_25859	NA	NA	NA	TRUE	0.0010746	0.023169	NA	NA	NA	NA	NA
chr19	36129256	36130011	Peak_25988|chr19:36129256-36130011	-1.696	.	Peak_25988|chr19:36129256-36130011	chr19	36129256	36130011	NA	NA	NA	Peak_25988	NA	NA	NA	TRUE	0.00004589	0.001497	NA	NA	NA	NA	NA
chr11	835884	836159	Peak_26120|chr11:835884-836159	-2.8412	.	Peak_26120|chr11:835884-836159	chr11	835884	836159	NA	NA	NA	Peak_26120	NA	NA	NA	TRUE	0.0017497	0.034878	NA	NA	NA	NA	NA
chr1	94311724	94312330	Peak_26145|chr1:94311724-94312330	-2.2592	.	Peak_26145|chr1:94311724-94312330	chr1	94311724	94312330	NA	NA	NA	Peak_26145	NA	NA	NA	TRUE	0.00054364	0.012953	NA	NA	NA	NA	NA
chr13	21016549	21017783	Peak_26206|chr13:21016549-21017783	-0.57306	.	Peak_26206|chr13:21016549-21017783	chr13	21016549	21017783	NA	NA	NA	Peak_26206	NA	NA	NA	TRUE	0.0077149	0.115659	NA	NA	NA	NA	NA
chr19	47151502	47152980	Peak_26226|chr19:47151502-47152980	-0.48777	.	Peak_26226|chr19:47151502-47152980	chr19	47151502	47152980	NA	NA	NA	Peak_26226	NA	NA	NA	TRUE	0.0057706	0.091497	NA	NA	NA	NA	NA
chr6	144216665	144216971	Peak_26246|chr6:144216665-144216971	-0.63099	.	Peak_26246|chr6:144216665-144216971	chr6	144216665	144216971	NA	NA	NA	Peak_26246	NA	NA	NA	TRUE	0.00577	0.091497	NA	NA	NA	NA	NA
chr13	22703993	22704523	Peak_26339|chr13:22703993-22704523	-0.91915	.	Peak_26339|chr13:22703993-22704523	chr13	22703993	22704523	NA	NA	NA	Peak_26339	NA	NA	NA	TRUE	0.0037345	0.064444	NA	NA	NA	NA	NA
chr8	16867570	16867977	Peak_26434|chr8:16867570-16867977	-2.9364	.	Peak_26434|chr8:16867570-16867977	chr8	16867570	16867977	NA	NA	NA	Peak_26434	NA	NA	NA	TRUE	5.91E-06	0.000231	NA	NA	NA	NA	NA
chr5	80781126	80781484	Peak_26600|chr5:80781126-80781484	-0.829	.	Peak_26600|chr5:80781126-80781484	chr5	80781126	80781484	NA	NA	NA	Peak_26600	NA	NA	NA	TRUE	0.0085606	0.125419	NA	NA	NA	NA	NA
chr1	162605274	162605829	Peak_26625|chr1:162605274-162605829	-2.3042	.	Peak_26625|chr1:162605274-162605829	chr1	162605274	162605829	NA	NA	NA	Peak_26625	NA	NA	NA	TRUE	0.000043075	0.001413	NA	NA	NA	NA	NA
chr4	11446357	11446795	Peak_26642|chr4:11446357-11446795	-3.2785	.	Peak_26642|chr4:11446357-11446795	chr4	11446357	11446795	NA	NA	NA	Peak_26642	NA	NA	NA	TRUE	0.0013516	0.028227	NA	NA	NA	NA	NA
chr4	169899567	169899929	Peak_26643|chr4:169899567-169899929	-1.8864	.	Peak_26643|chr4:169899567-169899929	chr4	169899567	169899929	NA	NA	NA	Peak_26643	NA	NA	NA	TRUE	0.0033246	0.05817	NA	NA	NA	NA	NA
chr19	6533949	6534312	Peak_26716|chr19:6533949-6534312	-1.2234	.	Peak_26716|chr19:6533949-6534312	chr19	6533949	6534312	NA	NA	NA	Peak_26716	NA	NA	NA	TRUE	0.000080237	0.002424	NA	NA	NA	NA	NA
chr22	49931182	49931781	Peak_26757|chr22:49931182-49931781	-2.6681	.	Peak_26757|chr22:49931182-49931781	chr22	49931182	49931781	NA	NA	NA	Peak_26757	NA	NA	NA	TRUE	0.000028435	0.000973	NA	NA	NA	NA	NA
chr5	90096316	90096761	Peak_26765|chr5:90096316-90096761	-1.6186	.	Peak_26765|chr5:90096316-90096761	chr5	90096316	90096761	NA	NA	NA	Peak_26765	NA	NA	NA	TRUE	0.0025476	0.047354	NA	NA	NA	NA	NA
chr12	39605541	39606149	Peak_26812|chr12:39605541-39606149	-1.782	.	Peak_26812|chr12:39605541-39606149	chr12	39605541	39606149	NA	NA	NA	Peak_26812	NA	NA	NA	TRUE	0.00028688	0.007518	NA	NA	NA	NA	NA
chr6	53042347	53042943	Peak_26849|chr6:53042347-53042943	-2.23	.	Peak_26849|chr6:53042347-53042943	chr6	53042347	53042943	NA	NA	NA	Peak_26849	NA	NA	NA	TRUE	0.0080105	0.119168	NA	NA	NA	NA	NA
chr19	48503354	48503785	Peak_26905|chr19:48503354-48503785	-0.75187	.	Peak_26905|chr19:48503354-48503785	chr19	48503354	48503785	NA	NA	NA	Peak_26905	NA	NA	NA	TRUE	0.00577	0.091497	NA	NA	NA	NA	NA
chr1	23562672	23563238	Peak_27004|chr1:23562672-23563238	-2.4657	.	Peak_27004|chr1:23562672-23563238	chr1	23562672	23563238	NA	NA	NA	Peak_27004	NA	NA	NA	TRUE	2.82E-07	0.000015	NA	NA	NA	NA	NA
chr7	26549773	26550228	Peak_27005|chr7:26549773-26550228	-0.38264	.	Peak_27005|chr7:26549773-26550228	chr7	26549773	26550228	NA	NA	NA	Peak_27005	NA	NA	NA	TRUE	0.011761	0.161813	NA	NA	NA	NA	NA
chr11	65429179	65429552	Peak_27023|chr11:65429179-65429552	-3.1183	.	Peak_27023|chr11:65429179-65429552	chr11	65429179	65429552	NA	NA	NA	Peak_27023	NA	NA	NA	TRUE	8.45E-07	0.000043	NA	NA	NA	NA	NA
chr13	30409861	30410309	Peak_27030|chr13:30409861-30410309	-3.2192	.	Peak_27030|chr13:30409861-30410309	chr13	30409861	30410309	NA	NA	NA	Peak_27030	NA	NA	NA	TRUE	8.45E-07	0.000043	NA	NA	NA	NA	NA
chr22	42443859	42444655	Peak_27049|chr22:42443859-42444655	-0.351	.	Peak_27049|chr22:42443859-42444655	chr22	42443859	42444655	NA	NA	NA	Peak_27049	NA	NA	NA	TRUE	0.010947	0.152415	NA	NA	NA	NA	NA
chr4	31076449	31076996	Peak_27063|chr4:31076449-31076996	-0.53765	.	Peak_27063|chr4:31076449-31076996	chr4	31076449	31076996	NA	NA	NA	Peak_27063	NA	NA	NA	TRUE	0.0094108	0.135175	NA	NA	NA	NA	NA
chr18	9933770	9934415	Peak_27126|chr18:9933770-9934415	-1.9078	.	Peak_27126|chr18:9933770-9934415	chr18	9933770	9934415	NA	NA	NA	Peak_27126	NA	NA	NA	TRUE	0.0088754	0.129192	NA	NA	NA	NA	NA
chr7	134174960	134175471	Peak_27136|chr7:134174960-134175471	-2.5204	.	Peak_27136|chr7:134174960-134175471	chr7	134174960	134175471	NA	NA	NA	Peak_27136	NA	NA	NA	TRUE	0.0032272	0.057437	NA	NA	NA	NA	NA
chr7	86559012	86559810	Peak_27137|chr7:86559012-86559810	-0.55631	.	Peak_27137|chr7:86559012-86559810	chr7	86559012	86559810	NA	NA	NA	Peak_27137	NA	NA	NA	TRUE	0.0082847	0.122633	NA	NA	NA	NA	NA
chr17	50084216	50084948	Peak_27148|chr17:50084216-50084948	-2.4617	.	Peak_27148|chr17:50084216-50084948	chr17	50084216	50084948	NA	NA	NA	Peak_27148	NA	NA	NA	TRUE	2.82E-07	0.000015	NA	NA	NA	NA	NA
chr12	53368477	53368967	Peak_27158|chr12:53368477-53368967	-2.518	.	Peak_27158|chr12:53368477-53368967	chr12	53368477	53368967	NA	NA	NA	Peak_27158	NA	NA	NA	TRUE	0.0085606	0.125419	NA	NA	NA	NA	NA
chr4	30983328	30983958	Peak_27176|chr4:30983328-30983958	-0.67244	.	Peak_27176|chr4:30983328-30983958	chr4	30983328	30983958	NA	NA	NA	Peak_27176	NA	NA	NA	TRUE	0.0091259	0.131857	NA	NA	NA	NA	NA
chr7	129915635	129916057	Peak_27225|chr7:129915635-129916057	-2.7016	.	Peak_27225|chr7:129915635-129916057	chr7	129915635	129916057	NA	NA	NA	Peak_27225	NA	NA	NA	TRUE	2.82E-07	0.000015	NA	NA	NA	NA	NA
chr3	47704039	47704853	Peak_27258|chr3:47704039-47704853	-2.4682	.	Peak_27258|chr3:47704039-47704853	chr3	47704039	47704853	NA	NA	NA	Peak_27258	NA	NA	NA	TRUE	0.00060614	0.014061	NA	NA	NA	NA	NA
chr19	13160641	13160975	Peak_27297|chr19:13160641-13160975	-2.7586	.	Peak_27297|chr19:13160641-13160975	chr19	13160641	13160975	NA	NA	NA	Peak_27297	NA	NA	NA	TRUE	2.82E-07	0.000015	NA	NA	NA	NA	NA
chr11	62861059	62862227	Peak_27412|chr11:62861059-62862227	-2.6727	.	Peak_27412|chr11:62861059-62862227	chr11	62861059	62862227	NA	NA	NA	Peak_27412	NA	NA	NA	TRUE	4.79E-06	0.000195	NA	NA	NA	NA	NA
chr14	100204361	100205044	Peak_27428|chr14:100204361-100205044	-0.65683	.	Peak_27428|chr14:100204361-100205044	chr14	100204361	100205044	NA	NA	NA	Peak_27428	NA	NA	NA	TRUE	0.0014068	0.029172	NA	NA	NA	NA	NA
chr9	136799415	136800139	Peak_27498|chr9:136799415-136800139	0.49054	.	Peak_27498|chr9:136799415-136800139	chr9	136799415	136800139	NA	NA	NA	Peak_27498	NA	NA	NA	TRUE	0.0084215	0.123928	NA	NA	NA	NA	NA
chr10	17981852	17982463	Peak_27514|chr10:17981852-17982463	-2.4573	.	Peak_27514|chr10:17981852-17982463	chr10	17981852	17982463	NA	NA	NA	Peak_27514	NA	NA	NA	TRUE	0.000065034	0.002024	NA	NA	NA	NA	NA
chr15	35713581	35713970	Peak_27534|chr15:35713581-35713970	-2.186	.	Peak_27534|chr15:35713581-35713970	chr15	35713581	35713970	NA	NA	NA	Peak_27534	NA	NA	NA	TRUE	0.001828	0.036209	NA	NA	NA	NA	NA
chr5	122028442	122028969	Peak_27741|chr5:122028442-122028969	-2.0097	.	Peak_27741|chr5:122028442-122028969	chr5	122028442	122028969	NA	NA	NA	Peak_27741	NA	NA	NA	TRUE	0.011834	0.162566	NA	NA	NA	NA	NA
chr11	10732130	10732638	Peak_27744|chr11:10732130-10732638	-2.7369	.	Peak_27744|chr11:10732130-10732638	chr11	10732130	10732638	NA	NA	NA	Peak_27744	NA	NA	NA	TRUE	0.00034601	0.008908	NA	NA	NA	NA	NA
chr7	130848132	130849308	Peak_27826|chr7:130848132-130849308	-3.3162	.	Peak_27826|chr7:130848132-130849308	chr7	130848132	130849308	NA	NA	NA	Peak_27826	NA	NA	NA	TRUE	2.82E-07	0.000015	NA	NA	NA	NA	NA
chr21	41931089	41931436	Peak_27839|chr21:41931089-41931436	-3.6528	.	Peak_27839|chr21:41931089-41931436	chr21	41931089	41931436	NA	NA	NA	Peak_27839	NA	NA	NA	TRUE	2.82E-07	0.000015	NA	NA	NA	NA	NA
chr12	31636136	31636720	Peak_27921|chr12:31636136-31636720	-2.4411	.	Peak_27921|chr12:31636136-31636720	chr12	31636136	31636720	NA	NA	NA	Peak_27921	NA	NA	NA	TRUE	2.53E-06	0.000115	NA	NA	NA	NA	NA
chr19	38636971	38637580	Peak_27943|chr19:38636971-38637580	-3.5193	.	Peak_27943|chr19:38636971-38637580	chr19	38636971	38637580	NA	NA	NA	Peak_27943	NA	NA	NA	TRUE	2.82E-07	0.000015	NA	NA	NA	NA	NA
chr4	30642756	30643195	Peak_27959|chr4:30642756-30643195	-2.7576	.	Peak_27959|chr4:30642756-30643195	chr4	30642756	30643195	NA	NA	NA	Peak_27959	NA	NA	NA	TRUE	0.00043553	0.010711	NA	NA	NA	NA	NA
chr1	3675381	3675925	Peak_28003|chr1:3675381-3675925	-0.45152	.	Peak_28003|chr1:3675381-3675925	chr1	3675381	3675925	NA	NA	NA	Peak_28003	NA	NA	NA	TRUE	0.0016242	0.032789	NA	NA	NA	NA	NA
chr10	119734487	119735039	Peak_28009|chr10:119734487-119735039	-2.0942	.	Peak_28009|chr10:119734487-119735039	chr10	119734487	119735039	NA	NA	NA	Peak_28009	NA	NA	NA	TRUE	2.53E-06	0.000115	NA	NA	NA	NA	NA
chr17	43001914	43002889	Peak_28041|chr17:43001914-43002889	-0.64229	.	Peak_28041|chr17:43001914-43002889	chr17	43001914	43002889	NA	NA	NA	Peak_28041	NA	NA	NA	TRUE	0.0017193	0.034523	NA	NA	NA	NA	NA
chr19	38244084	38244417	Peak_28091|chr19:38244084-38244417	-0.5269	.	Peak_28091|chr19:38244084-38244417	chr19	38244084	38244417	NA	NA	NA	Peak_28091	NA	NA	NA	TRUE	0.0054857	0.088092	NA	NA	NA	NA	NA
chr9	42338393	42338739	Peak_28128|chr9:42338393-42338739	-2.5702	.	Peak_28128|chr9:42338393-42338739	chr9	42338393	42338739	NA	NA	NA	Peak_28128	NA	NA	NA	TRUE	0.0021439	0.040843	NA	NA	NA	NA	NA
chrX	45005522	45005931	Peak_28144|chrX:45005522-45005931	-1.9488	.	Peak_28144|chrX:45005522-45005931	chrX	45005522	45005931	NA	NA	NA	Peak_28144	NA	NA	NA	TRUE	0.012897	0.174176	NA	NA	NA	NA	NA
chr1	51942164	51942545	Peak_28222|chr1:51942164-51942545	-2.0112	.	Peak_28222|chr1:51942164-51942545	chr1	51942164	51942545	NA	NA	NA	Peak_28222	NA	NA	NA	TRUE	0.00084038	0.018757	NA	NA	NA	NA	NA
chr15	62262453	62262835	Peak_28290|chr15:62262453-62262835	-1.2711	.	Peak_28290|chr15:62262453-62262835	chr15	62262453	62262835	NA	NA	NA	Peak_28290	NA	NA	NA	TRUE	0.0023055	0.043497	NA	NA	NA	NA	NA
chr5	115884874	115885454	Peak_28342|chr5:115884874-115885454	-0.97268	.	Peak_28342|chr5:115884874-115885454	chr5	115884874	115885454	NA	NA	NA	Peak_28342	NA	NA	NA	TRUE	0.0017464	0.034856	NA	NA	NA	NA	NA
chr2	130241249	130241932	Peak_28433|chr2:130241249-130241932	-3.6219	.	Peak_28433|chr2:130241249-130241932	chr2	130241249	130241932	NA	NA	NA	Peak_28433	NA	NA	NA	TRUE	2.82E-07	0.000015	NA	NA	NA	NA	NA
chr6	151034140	151034754	Peak_28447|chr6:151034140-151034754	-2.1403	.	Peak_28447|chr6:151034140-151034754	chr6	151034140	151034754	NA	NA	NA	Peak_28447	NA	NA	NA	TRUE	0.0091079	0.131857	NA	NA	NA	NA	NA
chr13	27309588	27310021	Peak_28466|chr13:27309588-27310021	-0.3326	.	Peak_28466|chr13:27309588-27310021	chr13	27309588	27310021	NA	NA	NA	Peak_28466	NA	NA	NA	TRUE	0.0045989	0.075585	NA	NA	NA	NA	NA
chr16	74580838	74582168	Peak_28490|chr16:74580838-74582168	-2.7323	.	Peak_28490|chr16:74580838-74582168	chr16	74580838	74582168	NA	NA	NA	Peak_28490	NA	NA	NA	TRUE	1.41E-06	0.000069	NA	NA	NA	NA	NA
chr1	8049753	8050628	Peak_28495|chr1:8049753-8050628	-3.1116	.	Peak_28495|chr1:8049753-8050628	chr1	8049753	8050628	NA	NA	NA	Peak_28495	NA	NA	NA	TRUE	0.000077985	0.002372	NA	NA	NA	NA	NA
chr15	37062243	37062607	Peak_28616|chr15:37062243-37062607	-2.6785	.	Peak_28616|chr15:37062243-37062607	chr15	37062243	37062607	NA	NA	NA	Peak_28616	NA	NA	NA	TRUE	0.0038269	0.065215	NA	NA	NA	NA	NA
chr4	168656516	168657229	Peak_28639|chr4:168656516-168657229	-0.54885	.	Peak_28639|chr4:168656516-168657229	chr4	168656516	168657229	NA	NA	NA	Peak_28639	NA	NA	NA	TRUE	0.0027509	0.050969	NA	NA	NA	NA	NA
chr1	31928701	31929206	Peak_28723|chr1:31928701-31929206	-1.9981	.	Peak_28723|chr1:31928701-31929206	chr1	31928701	31929206	NA	NA	NA	Peak_28723	NA	NA	NA	TRUE	0.000053773	0.001729	NA	NA	NA	NA	NA
chr12	56719128	56719830	Peak_28891|chr12:56719128-56719830	-0.81615	.	Peak_28891|chr12:56719128-56719830	chr12	56719128	56719830	NA	NA	NA	Peak_28891	NA	NA	NA	TRUE	0.00055941	0.013235	NA	NA	NA	NA	NA
chr7	22814789	22815311	Peak_28976|chr7:22814789-22815311	-2.4507	.	Peak_28976|chr7:22814789-22815311	chr7	22814789	22815311	NA	NA	NA	Peak_28976	NA	NA	NA	TRUE	0.00065682	0.01513	NA	NA	NA	NA	NA
chr19	49348089	49348551	Peak_29014|chr19:49348089-49348551	-0.37752	.	Peak_29014|chr19:49348089-49348551	chr19	49348089	49348551	NA	NA	NA	Peak_29014	NA	NA	NA	TRUE	0.0079125	0.11811	NA	NA	NA	NA	NA
chr6	126541636	126542207	Peak_29116|chr6:126541636-126542207	-2.0654	.	Peak_29116|chr6:126541636-126542207	chr6	126541636	126542207	NA	NA	NA	Peak_29116	NA	NA	NA	TRUE	0.007274	0.110645	NA	NA	NA	NA	NA
chr14	65355796	65356374	Peak_29124|chr14:65355796-65356374	-2.7399	.	Peak_29124|chr14:65355796-65356374	chr14	65355796	65356374	NA	NA	NA	Peak_29124	NA	NA	NA	TRUE	0.000028998	0.00099	NA	NA	NA	NA	NA
chr2	29106907	29107325	Peak_29146|chr2:29106907-29107325	-2.7077	.	Peak_29146|chr2:29106907-29107325	chr2	29106907	29107325	NA	NA	NA	Peak_29146	NA	NA	NA	TRUE	3.10E-06	0.00014	NA	NA	NA	NA	NA
chr1	23593012	23593298	Peak_29218|chr1:23593012-23593298	-2.2544	.	Peak_29218|chr1:23593012-23593298	chr1	23593012	23593298	NA	NA	NA	Peak_29218	NA	NA	NA	TRUE	0.00018384	0.005083	NA	NA	NA	NA	NA
chr12	56292973	56293447	Peak_29384|chr12:56292973-56293447	-2.2226	.	Peak_29384|chr12:56292973-56293447	chr12	56292973	56293447	NA	NA	NA	Peak_29384	NA	NA	NA	TRUE	4.79E-06	0.000195	NA	NA	NA	NA	NA
chr11	65989567	65990068	Peak_29532|chr11:65989567-65990068	-1.3318	.	Peak_29532|chr11:65989567-65990068	chr11	65989567	65990068	NA	NA	NA	Peak_29532	NA	NA	NA	TRUE	0.0041416	0.069757	NA	NA	NA	NA	NA
chr12	56524827	56525779	Peak_29543|chr12:56524827-56525779	-2.8772	.	Peak_29543|chr12:56524827-56525779	chr12	56524827	56525779	NA	NA	NA	Peak_29543	NA	NA	NA	TRUE	0.0054071	0.087233	NA	NA	NA	NA	NA
chr5	177442020	177442431	Peak_29653|chr5:177442020-177442431	-1.3833	.	Peak_29653|chr5:177442020-177442431	chr5	177442020	177442431	NA	NA	NA	Peak_29653	NA	NA	NA	TRUE	0.00049972	0.012117	NA	NA	NA	NA	NA
chr12	124941748	124942175	Peak_29672|chr12:124941748-124942175	-2.4167	.	Peak_29672|chr12:124941748-124942175	chr12	124941748	124942175	NA	NA	NA	Peak_29672	NA	NA	NA	TRUE	0.0032925	0.057906	NA	NA	NA	NA	NA
chr9	113541037	113541283	Peak_29718|chr9:113541037-113541283	-1.1216	.	Peak_29718|chr9:113541037-113541283	chr9	113541037	113541283	NA	NA	NA	Peak_29718	NA	NA	NA	TRUE	5.91E-06	0.000231	NA	NA	NA	NA	NA
chr16	69074894	69075153	Peak_29769|chr16:69074894-69075153	-2.8487	.	Peak_29769|chr16:69074894-69075153	chr16	69074894	69075153	NA	NA	NA	Peak_29769	NA	NA	NA	TRUE	0.0021439	0.040843	NA	NA	NA	NA	NA
chr19	12771390	12771727	Peak_29775|chr19:12771390-12771727	-0.23989	.	Peak_29775|chr19:12771390-12771727	chr19	12771390	12771727	NA	NA	NA	Peak_29775	NA	NA	NA	TRUE	0.0080431	0.119553	NA	NA	NA	NA	NA
chr3	39177074	39177646	Peak_29816|chr3:39177074-39177646	-2.5913	.	Peak_29816|chr3:39177074-39177646	chr3	39177074	39177646	NA	NA	NA	Peak_29816	NA	NA	NA	TRUE	8.45E-07	0.000043	NA	NA	NA	NA	NA
chr16	88245848	88246267	Peak_29924|chr16:88245848-88246267	-2.1204	.	Peak_29924|chr16:88245848-88246267	chr16	88245848	88246267	NA	NA	NA	Peak_29924	NA	NA	NA	TRUE	0.009653	0.137439	NA	NA	NA	NA	NA
chr19	4492214	4493078	Peak_29942|chr19:4492214-4493078	-3.6515	.	Peak_29942|chr19:4492214-4493078	chr19	4492214	4493078	NA	NA	NA	Peak_29942	NA	NA	NA	TRUE	0.0010746	0.023169	NA	NA	NA	NA	NA
chr8	97856066	97856449	Peak_30042|chr8:97856066-97856449	-0.67126	.	Peak_30042|chr8:97856066-97856449	chr8	97856066	97856449	NA	NA	NA	Peak_30042	NA	NA	NA	TRUE	0.012782	0.172765	NA	NA	NA	NA	NA
chr12	49520064	49520695	Peak_30076|chr12:49520064-49520695	-2.0805	.	Peak_30076|chr12:49520064-49520695	chr12	49520064	49520695	NA	NA	NA	Peak_30076	NA	NA	NA	TRUE	2.82E-07	0.000015	NA	NA	NA	NA	NA
chr16	89240145	89240564	Peak_30132|chr16:89240145-89240564	-3.316	.	Peak_30132|chr16:89240145-89240564	chr16	89240145	89240564	NA	NA	NA	Peak_30132	NA	NA	NA	TRUE	0.0010746	0.023169	NA	NA	NA	NA	NA
chr19	49567805	49568316	Peak_30210|chr19:49567805-49568316	-2.8165	.	Peak_30210|chr19:49567805-49568316	chr19	49567805	49568316	NA	NA	NA	Peak_30210	NA	NA	NA	TRUE	2.82E-07	0.000015	NA	NA	NA	NA	NA
chr4	39464838	39465255	Peak_30235|chr4:39464838-39465255	-2.2686	.	Peak_30235|chr4:39464838-39465255	chr4	39464838	39465255	NA	NA	NA	Peak_30235	NA	NA	NA	TRUE	0.00045468	0.011104	NA	NA	NA	NA	NA
chr1	219668657	219668965	Peak_30271|chr1:219668657-219668965	-0.78511	.	Peak_30271|chr1:219668657-219668965	chr1	219668657	219668965	NA	NA	NA	Peak_30271	NA	NA	NA	TRUE	0.0070268	0.107443	NA	NA	NA	NA	NA
chr17	29584282	29584828	Peak_30319|chr17:29584282-29584828	-0.41292	.	Peak_30319|chr17:29584282-29584828	chr17	29584282	29584828	NA	NA	NA	Peak_30319	NA	NA	NA	TRUE	0.0076501	0.115081	NA	NA	NA	NA	NA
chr16	69360387	69360847	Peak_30456|chr16:69360387-69360847	-3.2489	.	Peak_30456|chr16:69360387-69360847	chr16	69360387	69360847	NA	NA	NA	Peak_30456	NA	NA	NA	TRUE	0.0010752	0.023169	NA	NA	NA	NA	NA
chr3	186999645	187000256	Peak_30529|chr3:186999645-187000256	-2.7071	.	Peak_30529|chr3:186999645-187000256	chr3	186999645	187000256	NA	NA	NA	Peak_30529	NA	NA	NA	TRUE	0.00016413	0.004625	NA	NA	NA	NA	NA
chr7	32657723	32659120	Peak_30567|chr7:32657723-32659120	-3.5667	.	Peak_30567|chr7:32657723-32659120	chr7	32657723	32659120	NA	NA	NA	Peak_30567	NA	NA	NA	TRUE	2.82E-07	0.000015	NA	NA	NA	NA	NA
chr11	62540753	62541501	Peak_30725|chr11:62540753-62541501	-0.33672	.	Peak_30725|chr11:62540753-62541501	chr11	62540753	62541501	NA	NA	NA	Peak_30725	NA	NA	NA	TRUE	0.0015082	0.031163	NA	NA	NA	NA	NA
chr17	59216927	59217223	Peak_30799|chr17:59216927-59217223	-3.0556	.	Peak_30799|chr17:59216927-59217223	chr17	59216927	59217223	NA	NA	NA	Peak_30799	NA	NA	NA	TRUE	1.41E-06	0.000069	NA	NA	NA	NA	NA
chr2	216682126	216682544	Peak_30854|chr2:216682126-216682544	-2.4716	.	Peak_30854|chr2:216682126-216682544	chr2	216682126	216682544	NA	NA	NA	Peak_30854	NA	NA	NA	TRUE	2.53E-06	0.000115	NA	NA	NA	NA	NA
chr5	65885772	65886519	Peak_30892|chr5:65885772-65886519	-2.8687	.	Peak_30892|chr5:65885772-65886519	chr5	65885772	65886519	NA	NA	NA	Peak_30892	NA	NA	NA	TRUE	0.0019986	0.039223	NA	NA	NA	NA	NA
chr4	74400341	74400888	Peak_31022|chr4:74400341-74400888	-0.56029	.	Peak_31022|chr4:74400341-74400888	chr4	74400341	74400888	NA	NA	NA	Peak_31022	NA	NA	NA	TRUE	0.0020605	0.040303	NA	NA	NA	NA	NA
chr19	45558672	45559030	Peak_31151|chr19:45558672-45559030	-3.6501	.	Peak_31151|chr19:45558672-45559030	chr19	45558672	45559030	NA	NA	NA	Peak_31151	NA	NA	NA	TRUE	0.0010746	0.023169	NA	NA	NA	NA	NA
chr2	118142838	118143089	Peak_31168|chr2:118142838-118143089	-3.2681	.	Peak_31168|chr2:118142838-118143089	chr2	118142838	118143089	NA	NA	NA	Peak_31168	NA	NA	NA	TRUE	0.0015971	0.032292	NA	NA	NA	NA	NA
chr9	98044037	98044386	Peak_31267|chr9:98044037-98044386	-3.3547	.	Peak_31267|chr9:98044037-98044386	chr9	98044037	98044386	NA	NA	NA	Peak_31267	NA	NA	NA	TRUE	2.82E-07	0.000015	NA	NA	NA	NA	NA
chr16	69058404	69058789	Peak_31312|chr16:69058404-69058789	-2.0889	.	Peak_31312|chr16:69058404-69058789	chr16	69058404	69058789	NA	NA	NA	Peak_31312	NA	NA	NA	TRUE	2.82E-07	0.000015	NA	NA	NA	NA	NA
chr18	57771377	57771846	Peak_31318|chr18:57771377-57771846	-2.4731	.	Peak_31318|chr18:57771377-57771846	chr18	57771377	57771846	NA	NA	NA	Peak_31318	NA	NA	NA	TRUE	4.79E-06	0.000195	NA	NA	NA	NA	NA
chr19	1324808	1325338	Peak_31319|chr19:1324808-1325338	-0.39469	.	Peak_31319|chr19:1324808-1325338	chr19	1324808	1325338	NA	NA	NA	Peak_31319	NA	NA	NA	TRUE	0.011227	0.155572	NA	NA	NA	NA	NA
chr12	57245561	57245871	Peak_31352|chr12:57245561-57245871	-0.39482	.	Peak_31352|chr12:57245561-57245871	chr12	57245561	57245871	NA	NA	NA	Peak_31352	NA	NA	NA	TRUE	0.0038162	0.065215	NA	NA	NA	NA	NA
chr10	110455475	110455715	Peak_31401|chr10:110455475-110455715	-1.9545	.	Peak_31401|chr10:110455475-110455715	chr10	110455475	110455715	NA	NA	NA	Peak_31401	NA	NA	NA	TRUE	0.0011895	0.025414	NA	NA	NA	NA	NA
chr11	69652100	69652488	Peak_31479|chr11:69652100-69652488	-2.1837	.	Peak_31479|chr11:69652100-69652488	chr11	69652100	69652488	NA	NA	NA	Peak_31479	NA	NA	NA	TRUE	0.000058841	0.001861	NA	NA	NA	NA	NA
chr3	139295451	139295746	Peak_31701|chr3:139295451-139295746	-0.57405	.	Peak_31701|chr3:139295451-139295746	chr3	139295451	139295746	NA	NA	NA	Peak_31701	NA	NA	NA	TRUE	0.00017483	0.004864	NA	NA	NA	NA	NA
chr12	110697945	110698350	Peak_31728|chr12:110697945-110698350	-2.5458	.	Peak_31728|chr12:110697945-110698350	chr12	110697945	110698350	NA	NA	NA	Peak_31728	NA	NA	NA	TRUE	8.45E-07	0.000043	NA	NA	NA	NA	NA
chr16	67235591	67235853	Peak_31771|chr16:67235591-67235853	-1.4094	.	Peak_31771|chr16:67235591-67235853	chr16	67235591	67235853	NA	NA	NA	Peak_31771	NA	NA	NA	TRUE	0.0066755	0.103602	NA	NA	NA	NA	NA
chr12	121663573	121663960	Peak_31841|chr12:121663573-121663960	-1.8423	.	Peak_31841|chr12:121663573-121663960	chr12	121663573	121663960	NA	NA	NA	Peak_31841	NA	NA	NA	TRUE	0.00017202	0.004809	NA	NA	NA	NA	NA
chr2	112631330	112631726	Peak_31870|chr2:112631330-112631726	-2.8288	.	Peak_31870|chr2:112631330-112631726	chr2	112631330	112631726	NA	NA	NA	Peak_31870	NA	NA	NA	TRUE	5.91E-06	0.000231	NA	NA	NA	NA	NA
chr2	223784115	223784838	Peak_32018|chr2:223784115-223784838	-0.77589	.	Peak_32018|chr2:223784115-223784838	chr2	223784115	223784838	NA	NA	NA	Peak_32018	NA	NA	NA	TRUE	0.003886	0.065967	NA	NA	NA	NA	NA
chr22	37541975	37542305	Peak_32023|chr22:37541975-37542305	-0.030448	.	Peak_32023|chr22:37541975-37542305	chr22	37541975	37542305	NA	NA	NA	Peak_32023	NA	NA	NA	TRUE	0.014375	0.190912	NA	NA	NA	NA	NA
chr22	38135447	38136334	Peak_32024|chr22:38135447-38136334	-2.6688	.	Peak_32024|chr22:38135447-38136334	chr22	38135447	38136334	NA	NA	NA	Peak_32024	NA	NA	NA	TRUE	0.0042633	0.071516	NA	NA	NA	NA	NA
chr17	79851802	79852038	Peak_32084|chr17:79851802-79852038	-0.55551	.	Peak_32084|chr17:79851802-79852038	chr17	79851802	79852038	NA	NA	NA	Peak_32084	NA	NA	NA	TRUE	0.0030583	0.055498	NA	NA	NA	NA	NA
chr4	24597632	24598735	Peak_32209|chr4:24597632-24598735	-2.5204	.	Peak_32209|chr4:24597632-24598735	chr4	24597632	24598735	NA	NA	NA	Peak_32209	NA	NA	NA	TRUE	0.00037134	0.009341	NA	NA	NA	NA	NA
chr1	161104553	161105053	Peak_32434|chr1:161104553-161105053	-2.451	.	Peak_32434|chr1:161104553-161105053	chr1	161104553	161105053	NA	NA	NA	Peak_32434	NA	NA	NA	TRUE	0.0012216	0.026037	NA	NA	NA	NA	NA
chr13	20721531	20722324	Peak_32794|chr13:20721531-20722324	-0.3798	.	Peak_32794|chr13:20721531-20722324	chr13	20721531	20722324	NA	NA	NA	Peak_32794	NA	NA	NA	TRUE	0.01203	0.164743	NA	NA	NA	NA	NA
chr19	1015067	1015443	Peak_32836|chr19:1015067-1015443	-0.34133	.	Peak_32836|chr19:1015067-1015443	chr19	1015067	1015443	NA	NA	NA	Peak_32836	NA	NA	NA	TRUE	0.0053962	0.087212	NA	NA	NA	NA	NA
chrX	136725187	136725944	Peak_32947|chrX:136725187-136725944	-3.5913	.	Peak_32947|chrX:136725187-136725944	chrX	136725187	136725944	NA	NA	NA	Peak_32947	NA	NA	NA	TRUE	1.97E-06	0.000093	NA	NA	NA	NA	NA
chr1	28574814	28575208	Peak_33152|chr1:28574814-28575208	-2.925	.	Peak_33152|chr1:28574814-28575208	chr1	28574814	28575208	NA	NA	NA	Peak_33152	NA	NA	NA	TRUE	9.29E-06	0.000352	NA	NA	NA	NA	NA
chr19	38142760	38142988	Peak_33193|chr19:38142760-38142988	-1.8929	.	Peak_33193|chr19:38142760-38142988	chr19	38142760	38142988	NA	NA	NA	Peak_33193	NA	NA	NA	TRUE	0.000074043	0.002272	NA	NA	NA	NA	NA
chr19	47636772	47637086	Peak_33196|chr19:47636772-47637086	-2.4321	.	Peak_33196|chr19:47636772-47637086	chr19	47636772	47637086	NA	NA	NA	Peak_33196	NA	NA	NA	TRUE	0.00013542	0.003866	NA	NA	NA	NA	NA
chr20	56710987	56711470	Peak_33212|chr20:56710987-56711470	-3.3501	.	Peak_33212|chr20:56710987-56711470	chr20	56710987	56711470	NA	NA	NA	Peak_33212	NA	NA	NA	TRUE	2.82E-07	0.000015	NA	NA	NA	NA	NA
chr17	50904551	50905082	Peak_33417|chr17:50904551-50905082	-0.50058	.	Peak_33417|chr17:50904551-50905082	chr17	50904551	50905082	NA	NA	NA	Peak_33417	NA	NA	NA	TRUE	0.00577	0.091497	NA	NA	NA	NA	NA
chr16	69359762	69360313	Peak_33451|chr16:69359762-69360313	-3.0062	.	Peak_33451|chr16:69359762-69360313	chr16	69359762	69360313	NA	NA	NA	Peak_33451	NA	NA	NA	TRUE	0.0021433	0.040843	NA	NA	NA	NA	NA
chr1	156026133	156026458	Peak_33616|chr1:156026133-156026458	-3.7001	.	Peak_33616|chr1:156026133-156026458	chr1	156026133	156026458	NA	NA	NA	Peak_33616	NA	NA	NA	TRUE	2.82E-07	0.000015	NA	NA	NA	NA	NA
chr11	65436217	65436631	Peak_33618|chr11:65436217-65436631	-2.7135	.	Peak_33618|chr11:65436217-65436631	chr11	65436217	65436631	NA	NA	NA	Peak_33618	NA	NA	NA	TRUE	2.82E-07	0.000015	NA	NA	NA	NA	NA
chr17	81968174	81968651	Peak_33629|chr17:81968174-81968651	-0.64578	.	Peak_33629|chr17:81968174-81968651	chr17	81968174	81968651	NA	NA	NA	Peak_33629	NA	NA	NA	TRUE	0.0032244	0.057437	NA	NA	NA	NA	NA
chr1	220370633	220370903	Peak_33652|chr1:220370633-220370903	-2.4954	.	Peak_33652|chr1:220370633-220370903	chr1	220370633	220370903	NA	NA	NA	Peak_33652	NA	NA	NA	TRUE	0.005926	0.092881	NA	NA	NA	NA	NA
chr1	36343182	36343572	Peak_33728|chr1:36343182-36343572	-0.89573	.	Peak_33728|chr1:36343182-36343572	chr1	36343182	36343572	NA	NA	NA	Peak_33728	NA	NA	NA	TRUE	0.000057151	0.001824	NA	NA	NA	NA	NA
chr11	61998508	61998915	Peak_33773|chr11:61998508-61998915	-2.2631	.	Peak_33773|chr11:61998508-61998915	chr11	61998508	61998915	NA	NA	NA	Peak_33773	NA	NA	NA	TRUE	0.0022041	0.04181	NA	NA	NA	NA	NA
chr17	32854250	32854701	Peak_33861|chr17:32854250-32854701	-2.8395	.	Peak_33861|chr17:32854250-32854701	chr17	32854250	32854701	NA	NA	NA	Peak_33861	NA	NA	NA	TRUE	0.000021678	0.000759	NA	NA	NA	NA	NA
chr11	62875735	62876301	Peak_33885|chr11:62875735-62876301	-3.7365	.	Peak_33885|chr11:62875735-62876301	chr11	62875735	62876301	NA	NA	NA	Peak_33885	NA	NA	NA	TRUE	0.0010746	0.023169	NA	NA	NA	NA	NA
chr1	150621910	150622472	Peak_33953|chr1:150621910-150622472	-3.6764	.	Peak_33953|chr1:150621910-150622472	chr1	150621910	150622472	NA	NA	NA	Peak_33953	NA	NA	NA	TRUE	2.82E-07	0.000015	NA	NA	NA	NA	NA
chr19	48418428	48418817	Peak_34026|chr19:48418428-48418817	-1.9384	.	Peak_34026|chr19:48418428-48418817	chr19	48418428	48418817	NA	NA	NA	Peak_34026	NA	NA	NA	TRUE	0.000017174	0.000608	NA	NA	NA	NA	NA
chr3	127455860	127456150	Peak_34364|chr3:127455860-127456150	-0.38865	.	Peak_34364|chr3:127455860-127456150	chr3	127455860	127456150	NA	NA	NA	Peak_34364	NA	NA	NA	TRUE	0.010307	0.145335	NA	NA	NA	NA	NA
chr19	1506808	1509102	Peak_3444|chr19:1506808-1509102	-0.35746	.	Peak_3444|chr19:1506808-1509102	chr19	1506808	1509102	NA	NA	NA	Peak_3444	NA	NA	NA	TRUE	0.012216	0.167035	NA	NA	NA	NA	NA
chr11	10732916	10733732	Peak_34457|chr11:10732916-10733732	-0.72502	.	Peak_34457|chr11:10732916-10733732	chr11	10732916	10733732	NA	NA	NA	Peak_34457	NA	NA	NA	TRUE	0.0063173	0.098654	NA	NA	NA	NA	NA
chr17	44546835	44547112	Peak_34562|chr17:44546835-44547112	-1.1625	.	Peak_34562|chr17:44546835-44547112	chr17	44546835	44547112	NA	NA	NA	Peak_34562	NA	NA	NA	TRUE	0.00004589	0.001497	NA	NA	NA	NA	NA
chr19	2552845	2553306	Peak_34588|chr19:2552845-2553306	-3.1238	.	Peak_34588|chr19:2552845-2553306	chr19	2552845	2553306	NA	NA	NA	Peak_34588	NA	NA	NA	TRUE	2.82E-07	0.000015	NA	NA	NA	NA	NA
chr1	44818325	44818679	Peak_34749|chr1:44818325-44818679	-1.7853	.	Peak_34749|chr1:44818325-44818679	chr1	44818325	44818679	NA	NA	NA	Peak_34749	NA	NA	NA	TRUE	0.000034066	0.001145	NA	NA	NA	NA	NA
chr20	57439429	57439730	Peak_34752|chr20:57439429-57439730	-2.5584	.	Peak_34752|chr20:57439429-57439730	chr20	57439429	57439730	NA	NA	NA	Peak_34752	NA	NA	NA	TRUE	0.013406	0.18022	NA	NA	NA	NA	NA
chr3	113737274	113737604	Peak_34792|chr3:113737274-113737604	-2.8689	.	Peak_34792|chr3:113737274-113737604	chr3	113737274	113737604	NA	NA	NA	Peak_34792	NA	NA	NA	TRUE	0.0015977	0.032292	NA	NA	NA	NA	NA
chr11	64380031	64380358	Peak_34913|chr11:64380031-64380358	-3.8076	.	Peak_34913|chr11:64380031-64380358	chr11	64380031	64380358	NA	NA	NA	Peak_34913	NA	NA	NA	TRUE	0.00055153	0.013088	NA	NA	NA	NA	NA
chr6	144347159	144347529	Peak_35007|chr6:144347159-144347529	-3.3641	.	Peak_35007|chr6:144347159-144347529	chr6	144347159	144347529	NA	NA	NA	Peak_35007	NA	NA	NA	TRUE	0.000027872	0.000959	NA	NA	NA	NA	NA
chr2	130393644	130393913	Peak_35244|chr2:130393644-130393913	-1.0053	.	Peak_35244|chr2:130393644-130393913	chr2	130393644	130393913	NA	NA	NA	Peak_35244	NA	NA	NA	TRUE	5.91E-06	0.000231	NA	NA	NA	NA	NA
chr7	2450725	2451002	Peak_35295|chr7:2450725-2451002	-4.0246	.	Peak_35295|chr7:2450725-2451002	chr7	2450725	2451002	NA	NA	NA	Peak_35295	NA	NA	NA	TRUE	0.000004223	0.000179	NA	NA	NA	NA	NA
chrX	101397646	101398027	Peak_35323|chrX:101397646-101398027	-3.1532	.	Peak_35323|chrX:101397646-101398027	chrX	101397646	101398027	NA	NA	NA	Peak_35323	NA	NA	NA	TRUE	2.82E-07	0.000015	NA	NA	NA	NA	NA
chr19	49574420	49574789	Peak_35467|chr19:49574420-49574789	-0.61842	.	Peak_35467|chr19:49574420-49574789	chr19	49574420	49574789	NA	NA	NA	Peak_35467	NA	NA	NA	TRUE	0.0087295	0.127704	NA	NA	NA	NA	NA
chr22	42374869	42375351	Peak_35490|chr22:42374869-42375351	-0.66518	.	Peak_35490|chr22:42374869-42375351	chr22	42374869	42375351	NA	NA	NA	Peak_35490	NA	NA	NA	TRUE	0.000042512	0.001397	NA	NA	NA	NA	NA
chr1	36302089	36302367	Peak_35565|chr1:36302089-36302367	-2.7144	.	Peak_35565|chr1:36302089-36302367	chr1	36302089	36302367	NA	NA	NA	Peak_35565	NA	NA	NA	TRUE	2.82E-07	0.000015	NA	NA	NA	NA	NA
chr17	82207502	82207795	Peak_35645|chr17:82207502-82207795	-2.432	.	Peak_35645|chr17:82207502-82207795	chr17	82207502	82207795	NA	NA	NA	Peak_35645	NA	NA	NA	TRUE	0.0059266	0.092881	NA	NA	NA	NA	NA
chr16	11880094	11880752	Peak_35741|chr16:11880094-11880752	-1.9679	.	Peak_35741|chr16:11880094-11880752	chr16	11880094	11880752	NA	NA	NA	Peak_35741	NA	NA	NA	TRUE	0.009417	0.135175	NA	NA	NA	NA	NA
chr17	7363638	7363997	Peak_35775|chr17:7363638-7363997	-3.4371	.	Peak_35775|chr17:7363638-7363997	chr17	7363638	7363997	NA	NA	NA	Peak_35775	NA	NA	NA	TRUE	0.000098818	0.002925	NA	NA	NA	NA	NA
chr19	3716440	3716750	Peak_35864|chr19:3716440-3716750	-0.34634	.	Peak_35864|chr19:3716440-3716750	chr19	3716440	3716750	NA	NA	NA	Peak_35864	NA	NA	NA	TRUE	0.0043866	0.072915	NA	NA	NA	NA	NA
chr8	127670633	127670910	Peak_35876|chr8:127670633-127670910	-1.5525	.	Peak_35876|chr8:127670633-127670910	chr8	127670633	127670910	NA	NA	NA	Peak_35876	NA	NA	NA	TRUE	0.0054254	0.087444	NA	NA	NA	NA	NA
chr1	32954205	32954537	Peak_36109|chr1:32954205-32954537	-2.6069	.	Peak_36109|chr1:32954205-32954537	chr1	32954205	32954537	NA	NA	NA	Peak_36109	NA	NA	NA	TRUE	0.0038275	0.065215	NA	NA	NA	NA	NA
chr17	50117555	50117896	Peak_36143|chr17:50117555-50117896	-0.90425	.	Peak_36143|chr17:50117555-50117896	chr17	50117555	50117896	NA	NA	NA	Peak_36143	NA	NA	NA	TRUE	0.011174	0.155083	NA	NA	NA	NA	NA
chr19	17622682	17623071	Peak_36159|chr19:17622682-17623071	-0.77983	.	Peak_36159|chr19:17622682-17623071	chr19	17622682	17623071	NA	NA	NA	Peak_36159	NA	NA	NA	TRUE	0.00044736	0.010941	NA	NA	NA	NA	NA
chr7	23308113	23308377	Peak_36263|chr7:23308113-23308377	-3.0456	.	Peak_36263|chr7:23308113-23308377	chr7	23308113	23308377	NA	NA	NA	Peak_36263	NA	NA	NA	TRUE	2.82E-07	0.000015	NA	NA	NA	NA	NA
chr19	47245310	47245592	Peak_36351|chr19:47245310-47245592	-0.84758	.	Peak_36351|chr19:47245310-47245592	chr19	47245310	47245592	NA	NA	NA	Peak_36351	NA	NA	NA	TRUE	0.0029068	0.053188	NA	NA	NA	NA	NA
chr19	49225707	49226159	Peak_36353|chr19:49225707-49226159	-2.7409	.	Peak_36353|chr19:49225707-49226159	chr19	49225707	49226159	NA	NA	NA	Peak_36353	NA	NA	NA	TRUE	0.0032925	0.057906	NA	NA	NA	NA	NA
chr9	100598979	100599330	Peak_36512|chr9:100598979-100599330	-0.5641	.	Peak_36512|chr9:100598979-100599330	chr9	100598979	100599330	NA	NA	NA	Peak_36512	NA	NA	NA	TRUE	0.0030893	0.055715	NA	NA	NA	NA	NA
chr1	27332123	27332451	Peak_36530|chr1:27332123-27332451	-0.44931	.	Peak_36530|chr1:27332123-27332451	chr1	27332123	27332451	NA	NA	NA	Peak_36530	NA	NA	NA	TRUE	0.011375	0.157368	NA	NA	NA	NA	NA
chr14	102675618	102675920	Peak_36771|chr14:102675618-102675920	-1.6139	.	Peak_36771|chr14:102675618-102675920	chr14	102675618	102675920	NA	NA	NA	Peak_36771	NA	NA	NA	TRUE	0.0071299	0.108829	NA	NA	NA	NA	NA
chr3	13057401	13058026	Peak_36855|chr3:13057401-13058026	-0.44573	.	Peak_36855|chr3:13057401-13058026	chr3	13057401	13058026	NA	NA	NA	Peak_36855	NA	NA	NA	TRUE	0.0072503	0.110381	NA	NA	NA	NA	NA
chr14	74487381	74487673	Peak_36970|chr14:74487381-74487673	-2.8688	.	Peak_36970|chr14:74487381-74487673	chr14	74487381	74487673	NA	NA	NA	Peak_36970	NA	NA	NA	TRUE	2.82E-07	0.000015	NA	NA	NA	NA	NA
chr2	112624544	112624979	Peak_37004|chr2:112624544-112624979	-1.635	.	Peak_37004|chr2:112624544-112624979	chr2	112624544	112624979	NA	NA	NA	Peak_37004	NA	NA	NA	TRUE	0.0029023	0.053161	NA	NA	NA	NA	NA
chr10	119077064	119077295	Peak_37197|chr10:119077064-119077295	-1.8662	.	Peak_37197|chr10:119077064-119077295	chr10	119077064	119077295	NA	NA	NA	Peak_37197	NA	NA	NA	TRUE	0.01448	0.19145	NA	NA	NA	NA	NA
chr17	39675152	39675471	Peak_37260|chr17:39675152-39675471	-3.0163	.	Peak_37260|chr17:39675152-39675471	chr17	39675152	39675471	NA	NA	NA	Peak_37260	NA	NA	NA	TRUE	1.41E-06	0.000069	NA	NA	NA	NA	NA
chr17	48481054	48481357	Peak_37303|chr17:48481054-48481357	-3.2915	.	Peak_37303|chr17:48481054-48481357	chr17	48481054	48481357	NA	NA	NA	Peak_37303	NA	NA	NA	TRUE	0.00021481	0.005865	NA	NA	NA	NA	NA
chr9	127337163	127337473	Peak_37439|chr9:127337163-127337473	-1.2186	.	Peak_37439|chr9:127337163-127337473	chr9	127337163	127337473	NA	NA	NA	Peak_37439	NA	NA	NA	TRUE	0.0034311	0.059734	NA	NA	NA	NA	NA
chr9	112866955	112867365	Peak_37446|chr9:112866955-112867365	-0.68087	.	Peak_37446|chr9:112866955-112867365	chr9	112866955	112867365	NA	NA	NA	Peak_37446	NA	NA	NA	TRUE	0.005801	0.091814	NA	NA	NA	NA	NA
chr11	70112020	70112321	Peak_37471|chr11:70112020-70112321	-0.64202	.	Peak_37471|chr11:70112020-70112321	chr11	70112020	70112321	NA	NA	NA	Peak_37471	NA	NA	NA	TRUE	0.00038598	0.009668	NA	NA	NA	NA	NA
chr1	6475373	6475648	Peak_37501|chr1:6475373-6475648	-0.31277	.	Peak_37501|chr1:6475373-6475648	chr1	6475373	6475648	NA	NA	NA	Peak_37501	NA	NA	NA	TRUE	0.0033128	0.058119	NA	NA	NA	NA	NA
chr19	17106498	17106859	Peak_37524|chr19:17106498-17106859	-0.64072	.	Peak_37524|chr19:17106498-17106859	chr19	17106498	17106859	NA	NA	NA	Peak_37524	NA	NA	NA	TRUE	0.0038162	0.065215	NA	NA	NA	NA	NA
chr19	17130801	17131108	Peak_37525|chr19:17130801-17131108	-2.7697	.	Peak_37525|chr19:17130801-17131108	chr19	17130801	17131108	NA	NA	NA	Peak_37525	NA	NA	NA	TRUE	2.82E-07	0.000015	NA	NA	NA	NA	NA
chr8	28412810	28413064	Peak_37588|chr8:28412810-28413064	-3.017	.	Peak_37588|chr8:28412810-28413064	chr8	28412810	28413064	NA	NA	NA	Peak_37588	NA	NA	NA	TRUE	0.000050958	0.001647	NA	NA	NA	NA	NA
chr3	48952406	48952687	Peak_37643|chr3:48952406-48952687	-3.1124	.	Peak_37643|chr3:48952406-48952687	chr3	48952406	48952687	NA	NA	NA	Peak_37643	NA	NA	NA	TRUE	0.0018742	0.036946	NA	NA	NA	NA	NA
chr17	1793372	1793684	Peak_37684|chr17:1793372-1793684	-3.1862	.	Peak_37684|chr17:1793372-1793684	chr17	1793372	1793684	NA	NA	NA	Peak_37684	NA	NA	NA	TRUE	0.0015977	0.032292	NA	NA	NA	NA	NA
chr12	108628663	108628989	Peak_37757|chr12:108628663-108628989	-3.0561	.	Peak_37757|chr12:108628663-108628989	chr12	108628663	108628989	NA	NA	NA	Peak_37757	NA	NA	NA	TRUE	2.82E-07	0.000015	NA	NA	NA	NA	NA
chr19	13128545	13129066	Peak_37799|chr19:13128545-13129066	-2.2529	.	Peak_37799|chr19:13128545-13129066	chr19	13128545	13129066	NA	NA	NA	Peak_37799	NA	NA	NA	TRUE	0.007676	0.115363	NA	NA	NA	NA	NA
chr12	110432352	110432768	Peak_37862|chr12:110432352-110432768	-2.5458	.	Peak_37862|chr12:110432352-110432768	chr12	110432352	110432768	NA	NA	NA	Peak_37862	NA	NA	NA	TRUE	0.013928	0.185675	NA	NA	NA	NA	NA
chr12	56164077	56164354	Peak_37869|chr12:56164077-56164354	-2.9135	.	Peak_37869|chr12:56164077-56164354	chr12	56164077	56164354	NA	NA	NA	Peak_37869	NA	NA	NA	TRUE	0.00014443	0.004096	NA	NA	NA	NA	NA
chr15	74926888	74927133	Peak_37892|chr15:74926888-74927133	-2.8155	.	Peak_37892|chr15:74926888-74927133	chr15	74926888	74927133	NA	NA	NA	Peak_37892	NA	NA	NA	TRUE	3.66E-06	0.00016	NA	NA	NA	NA	NA
chr21	29404286	29404651	Peak_38014|chr21:29404286-29404651	-2.8209	.	Peak_38014|chr21:29404286-29404651	chr21	29404286	29404651	NA	NA	NA	Peak_38014	NA	NA	NA	TRUE	0.0021439	0.040843	NA	NA	NA	NA	NA
chr8	144180909	144181160	Peak_38101|chr8:144180909-144181160	-3.2921	.	Peak_38101|chr8:144180909-144181160	chr8	144180909	144181160	NA	NA	NA	Peak_38101	NA	NA	NA	TRUE	2.82E-07	0.000015	NA	NA	NA	NA	NA
chrX	123665418	123665864	Peak_38120|chrX:123665418-123665864	-1.8662	.	Peak_38120|chrX:123665418-123665864	chrX	123665418	123665864	NA	NA	NA	Peak_38120	NA	NA	NA	TRUE	2.82E-07	0.000015	NA	NA	NA	NA	NA
chr2	70080839	70081286	Peak_38206|chr2:70080839-70081286	-3.3832	.	Peak_38206|chr2:70080839-70081286	chr2	70080839	70081286	NA	NA	NA	Peak_38206	NA	NA	NA	TRUE	0.000012106	0.000442	NA	NA	NA	NA	NA
chr16	88739296	88739592	Peak_38247|chr16:88739296-88739592	-0.73233	.	Peak_38247|chr16:88739296-88739592	chr16	88739296	88739592	NA	NA	NA	Peak_38247	NA	NA	NA	TRUE	0.000075733	0.00232	NA	NA	NA	NA	NA
chr10	110353439	110353803	Peak_38264|chr10:110353439-110353803	-0.72131	.	Peak_38264|chr10:110353439-110353803	chr10	110353439	110353803	NA	NA	NA	Peak_38264	NA	NA	NA	TRUE	0.00051042	0.012312	NA	NA	NA	NA	NA
chr17	40496092	40496376	Peak_38315|chr17:40496092-40496376	-0.47767	.	Peak_38315|chr17:40496092-40496376	chr17	40496092	40496376	NA	NA	NA	Peak_38315	NA	NA	NA	TRUE	0.0045994	0.075585	NA	NA	NA	NA	NA
chr11	64354291	64354515	Peak_38368|chr11:64354291-64354515	-0.51405	.	Peak_38368|chr11:64354291-64354515	chr11	64354291	64354515	NA	NA	NA	Peak_38368	NA	NA	NA	TRUE	0.00856	0.125419	NA	NA	NA	NA	NA
chr19	47199547	47199871	Peak_38483|chr19:47199547-47199871	-3.429	.	Peak_38483|chr19:47199547-47199871	chr19	47199547	47199871	NA	NA	NA	Peak_38483	NA	NA	NA	TRUE	2.82E-07	0.000015	NA	NA	NA	NA	NA
chr2	61401851	61402114	Peak_38530|chr2:61401851-61402114	-3.0025	.	Peak_38530|chr2:61401851-61402114	chr2	61401851	61402114	NA	NA	NA	Peak_38530	NA	NA	NA	TRUE	0.0021439	0.040843	NA	NA	NA	NA	NA
chr19	19102392	19102654	Peak_38684|chr19:19102392-19102654	-2.4967	.	Peak_38684|chr19:19102392-19102654	chr19	19102392	19102654	NA	NA	NA	Peak_38684	NA	NA	NA	TRUE	0.0021439	0.040843	NA	NA	NA	NA	NA
chr20	21118344	21118850	Peak_38709|chr20:21118344-21118850	-1.571	.	Peak_38709|chr20:21118344-21118850	chr20	21118344	21118850	NA	NA	NA	Peak_38709	NA	NA	NA	TRUE	0.0033973	0.059205	NA	NA	NA	NA	NA
chr12	6525578	6525860	Peak_38762|chr12:6525578-6525860	-3.0623	.	Peak_38762|chr12:6525578-6525860	chr12	6525578	6525860	NA	NA	NA	Peak_38762	NA	NA	NA	TRUE	1.41E-06	0.000069	NA	NA	NA	NA	NA
chr5	138493662	138493996	Peak_38791|chr5:138493662-138493996	-3.0058	.	Peak_38791|chr5:138493662-138493996	chr5	138493662	138493996	NA	NA	NA	Peak_38791	NA	NA	NA	TRUE	2.82E-07	0.000015	NA	NA	NA	NA	NA
chr1	43476439	43476828	Peak_38822|chr1:43476439-43476828	-0.53665	.	Peak_38822|chr1:43476439-43476828	chr1	43476439	43476828	NA	NA	NA	Peak_38822	NA	NA	NA	TRUE	0.00058644	0.013694	NA	NA	NA	NA	NA
chr16	11597462	11597752	Peak_38827|chr16:11597462-11597752	-3.4273	.	Peak_38827|chr16:11597462-11597752	chr16	11597462	11597752	NA	NA	NA	Peak_38827	NA	NA	NA	TRUE	0.0015971	0.032292	NA	NA	NA	NA	NA
chr17	50668441	50668819	Peak_38836|chr17:50668441-50668819	-0.74319	.	Peak_38836|chr17:50668441-50668819	chr17	50668441	50668819	NA	NA	NA	Peak_38836	NA	NA	NA	TRUE	0.0088168	0.128659	NA	NA	NA	NA	NA
chr3	52051864	52052280	Peak_38924|chr3:52051864-52052280	-3.2949	.	Peak_38924|chr3:52051864-52052280	chr3	52051864	52052280	NA	NA	NA	Peak_38924	NA	NA	NA	TRUE	0.000014358	0.000514	NA	NA	NA	NA	NA
chr16	89444887	89445167	Peak_39134|chr16:89444887-89445167	-3.0418	.	Peak_39134|chr16:89444887-89445167	chr16	89444887	89445167	NA	NA	NA	Peak_39134	NA	NA	NA	TRUE	0.0032925	0.057906	NA	NA	NA	NA	NA
chr11	69281231	69281553	Peak_39165|chr11:69281231-69281553	-2.7612	.	Peak_39165|chr11:69281231-69281553	chr11	69281231	69281553	NA	NA	NA	Peak_39165	NA	NA	NA	TRUE	8.73E-06	0.000331	NA	NA	NA	NA	NA
chr22	42437744	42438149	Peak_39276|chr22:42437744-42438149	-0.37935	.	Peak_39276|chr22:42437744-42438149	chr22	42437744	42438149	NA	NA	NA	Peak_39276	NA	NA	NA	TRUE	0.0045994	0.075585	NA	NA	NA	NA	NA
chr8	30701803	30705156	Peak_3941|chr8:30701803-30705156	-0.432	.	Peak_3941|chr8:30701803-30705156	chr8	30701803	30705156	NA	NA	NA	Peak_3941	NA	NA	NA	TRUE	0.010947	0.152415	NA	NA	NA	NA	NA
chr8	127981865	127982142	Peak_39560|chr8:127981865-127982142	-2.3277	.	Peak_39560|chr8:127981865-127982142	chr8	127981865	127982142	NA	NA	NA	Peak_39560	NA	NA	NA	TRUE	0.00087416	0.019336	NA	NA	NA	NA	NA
chr14	102095534	102096110	Peak_39595|chr14:102095534-102096110	-0.035603	.	Peak_39595|chr14:102095534-102096110	chr14	102095534	102096110	NA	NA	NA	Peak_39595	NA	NA	NA	TRUE	0.0082853	0.122633	NA	NA	NA	NA	NA
chr17	75135360	75136341	Peak_39668|chr17:75135360-75136341	-0.42086	.	Peak_39668|chr17:75135360-75136341	chr17	75135360	75136341	NA	NA	NA	Peak_39668	NA	NA	NA	TRUE	0.011174	0.155083	NA	NA	NA	NA	NA
chr17	82550103	82550366	Peak_39848|chr17:82550103-82550366	-1.2337	.	Peak_39848|chr17:82550103-82550366	chr17	82550103	82550366	NA	NA	NA	Peak_39848	NA	NA	NA	TRUE	0.00043215	0.010658	NA	NA	NA	NA	NA
chr12	132559962	132562375	Peak_4019|chr12:132559962-132562375	0.30229	.	Peak_4019|chr12:132559962-132562375	chr12	132559962	132562375	NA	NA	NA	Peak_4019	NA	NA	NA	TRUE	0.0096355	0.137302	NA	NA	NA	NA	NA
chr16	70488888	70489219	Peak_40327|chr16:70488888-70489219	-2.7368	.	Peak_40327|chr16:70488888-70489219	chr16	70488888	70489219	NA	NA	NA	Peak_40327	NA	NA	NA	TRUE	0.0059266	0.092881	NA	NA	NA	NA	NA
chr9	34744996	34745377	Peak_40470|chr9:34744996-34745377	-2.2917	.	Peak_40470|chr9:34744996-34745377	chr9	34744996	34745377	NA	NA	NA	Peak_40470	NA	NA	NA	TRUE	0.00033305	0.008587	NA	NA	NA	NA	NA
chr3	186590174	186590498	Peak_40706|chr3:186590174-186590498	-2.1113	.	Peak_40706|chr3:186590174-186590498	chr3	186590174	186590498	NA	NA	NA	Peak_40706	NA	NA	NA	TRUE	0.0019063	0.037452	NA	NA	NA	NA	NA
chr17	58001667	58002021	Peak_40751|chr17:58001667-58002021	-1.7812	.	Peak_40751|chr17:58001667-58002021	chr17	58001667	58002021	NA	NA	NA	Peak_40751	NA	NA	NA	TRUE	0.0015206	0.031309	NA	NA	NA	NA	NA
chr17	50851796	50852126	Peak_40787|chr17:50851796-50852126	-2.8243	.	Peak_40787|chr17:50851796-50852126	chr17	50851796	50852126	NA	NA	NA	Peak_40787	NA	NA	NA	TRUE	3.66E-06	0.00016	NA	NA	NA	NA	NA
chr1	1411528	1411761	Peak_40824|chr1:1411528-1411761	-2.9781	.	Peak_40824|chr1:1411528-1411761	chr1	1411528	1411761	NA	NA	NA	Peak_40824	NA	NA	NA	TRUE	2.82E-07	0.000015	NA	NA	NA	NA	NA
chr12	121756822	121757088	Peak_40845|chr12:121756822-121757088	-2.3796	.	Peak_40845|chr12:121756822-121757088	chr12	121756822	121757088	NA	NA	NA	Peak_40845	NA	NA	NA	TRUE	2.82E-07	0.000015	NA	NA	NA	NA	NA
chr14	102016873	102017095	Peak_40871|chr14:102016873-102017095	-3.5538	.	Peak_40871|chr14:102016873-102017095	chr14	102016873	102017095	NA	NA	NA	Peak_40871	NA	NA	NA	TRUE	2.82E-07	0.000015	NA	NA	NA	NA	NA
chr19	17241533	17241899	Peak_40973|chr19:17241533-17241899	-0.60413	.	Peak_40973|chr19:17241533-17241899	chr19	17241533	17241899	NA	NA	NA	Peak_40973	NA	NA	NA	TRUE	0.00087529	0.019336	NA	NA	NA	NA	NA
chr19	17724628	17724882	Peak_40975|chr19:17724628-17724882	-2.7409	.	Peak_40975|chr19:17724628-17724882	chr19	17724628	17724882	NA	NA	NA	Peak_40975	NA	NA	NA	TRUE	0.0032925	0.057906	NA	NA	NA	NA	NA
chr19	49772881	49773163	Peak_41017|chr19:49772881-49773163	-2.9321	.	Peak_41017|chr19:49772881-49773163	chr19	49772881	49773163	NA	NA	NA	Peak_41017	NA	NA	NA	TRUE	0.0021439	0.040843	NA	NA	NA	NA	NA
chr20	57222625	57222943	Peak_41038|chr20:57222625-57222943	-2.0085	.	Peak_41038|chr20:57222625-57222943	chr20	57222625	57222943	NA	NA	NA	Peak_41038	NA	NA	NA	TRUE	0.000074043	0.002272	NA	NA	NA	NA	NA
chr20	62507466	62507736	Peak_41042|chr20:62507466-62507736	-0.22884	.	Peak_41042|chr20:62507466-62507736	chr20	62507466	62507736	NA	NA	NA	Peak_41042	NA	NA	NA	TRUE	0.0073742	0.111879	NA	NA	NA	NA	NA
chr21	43749437	43749705	Peak_41060|chr21:43749437-43749705	-2.3139	.	Peak_41060|chr21:43749437-43749705	chr21	43749437	43749705	NA	NA	NA	Peak_41060	NA	NA	NA	TRUE	0.00084094	0.018757	NA	NA	NA	NA	NA
chr22	41439076	41439351	Peak_41097|chr22:41439076-41439351	-1.7483	.	Peak_41097|chr22:41439076-41439351	chr22	41439076	41439351	NA	NA	NA	Peak_41097	NA	NA	NA	TRUE	0.00008812	0.00264	NA	NA	NA	NA	NA
chr6	41769025	41769353	Peak_41144|chr6:41769025-41769353	-2.4276	.	Peak_41144|chr6:41769025-41769353	chr6	41769025	41769353	NA	NA	NA	Peak_41144	NA	NA	NA	TRUE	0.00067822	0.015569	NA	NA	NA	NA	NA
chr19	1586341	1586836	Peak_41275|chr19:1586341-1586836	-0.47784	.	Peak_41275|chr19:1586341-1586836	chr19	1586341	1586836	NA	NA	NA	Peak_41275	NA	NA	NA	TRUE	0.0029592	0.053978	NA	NA	NA	NA	NA
chr1	156445738	156445976	Peak_41381|chr1:156445738-156445976	-2.2406	.	Peak_41381|chr1:156445738-156445976	chr1	156445738	156445976	NA	NA	NA	Peak_41381	NA	NA	NA	TRUE	3.66E-06	0.00016	NA	NA	NA	NA	NA
chr12	6835885	6836142	Peak_41439|chr12:6835885-6836142	-2.9921	.	Peak_41439|chr12:6835885-6836142	chr12	6835885	6836142	NA	NA	NA	Peak_41439	NA	NA	NA	TRUE	0.00011515	0.003352	NA	NA	NA	NA	NA
chr15	59174645	59174959	Peak_41465|chr15:59174645-59174959	-2.6267	.	Peak_41465|chr15:59174645-59174959	chr15	59174645	59174959	NA	NA	NA	Peak_41465	NA	NA	NA	TRUE	0.00052281	0.012593	NA	NA	NA	NA	NA
chr14	49581445	49581881	Peak_41713|chr14:49581445-49581881	-1.2835	.	Peak_41713|chr14:49581445-49581881	chr14	49581445	49581881	NA	NA	NA	Peak_41713	NA	NA	NA	TRUE	0.00037134	0.009341	NA	NA	NA	NA	NA
chr17	42406610	42407156	Peak_41730|chr17:42406610-42407156	-1.4822	.	Peak_41730|chr17:42406610-42407156	chr17	42406610	42407156	NA	NA	NA	Peak_41730	NA	NA	NA	TRUE	0.0042745	0.071516	NA	NA	NA	NA	NA
chr14	102083108	102083550	Peak_41882|chr14:102083108-102083550	-1.3425	.	Peak_41882|chr14:102083108-102083550	chr14	102083108	102083550	NA	NA	NA	Peak_41882	NA	NA	NA	TRUE	0.0047357	0.077679	NA	NA	NA	NA	NA
chr17	44417562	44417891	Peak_41918|chr17:44417562-44417891	-3.0377	.	Peak_41918|chr17:44417562-44417891	chr17	44417562	44417891	NA	NA	NA	Peak_41918	NA	NA	NA	TRUE	2.82E-07	0.000015	NA	NA	NA	NA	NA
chr19	19134712	19135412	Peak_41937|chr19:19134712-19135412	-0.73714	.	Peak_41937|chr19:19134712-19135412	chr19	19134712	19135412	NA	NA	NA	Peak_41937	NA	NA	NA	TRUE	0.0032543	0.057801	NA	NA	NA	NA	NA
chr15	40785546	40785847	Peak_42043|chr15:40785546-40785847	-2.5248	.	Peak_42043|chr15:40785546-40785847	chr15	40785546	40785847	NA	NA	NA	Peak_42043	NA	NA	NA	TRUE	0.00055153	0.013088	NA	NA	NA	NA	NA
chr5	37738331	37738797	Peak_42089|chr5:37738331-37738797	-1.8119	.	Peak_42089|chr5:37738331-37738797	chr5	37738331	37738797	NA	NA	NA	Peak_42089	NA	NA	NA	TRUE	0.0051738	0.083848	NA	NA	NA	NA	NA
chr14	58265086	58265354	Peak_42120|chr14:58265086-58265354	-2.9313	.	Peak_42120|chr14:58265086-58265354	chr14	58265086	58265354	NA	NA	NA	Peak_42120	NA	NA	NA	TRUE	0.0021439	0.040843	NA	NA	NA	NA	NA
chr5	907669	907969	Peak_42177|chr5:907669-907969	-2.9506	.	Peak_42177|chr5:907669-907969	chr5	907669	907969	NA	NA	NA	Peak_42177	NA	NA	NA	TRUE	7.04E-06	0.000271	NA	NA	NA	NA	NA
chr19	45526031	45526263	Peak_42227|chr19:45526031-45526263	-3.0415	.	Peak_42227|chr19:45526031-45526263	chr19	45526031	45526263	NA	NA	NA	Peak_42227	NA	NA	NA	TRUE	0.000004223	0.000179	NA	NA	NA	NA	NA
chr16	30858810	30859077	Peak_42449|chr16:30858810-30859077	-1.5257	.	Peak_42449|chr16:30858810-30859077	chr16	30858810	30859077	NA	NA	NA	Peak_42449	NA	NA	NA	TRUE	0.0035876	0.062275	NA	NA	NA	NA	NA
chr20	49685142	49685916	Peak_42749|chr20:49685142-49685916	-0.41291	.	Peak_42749|chr20:49685142-49685916	chr20	49685142	49685916	NA	NA	NA	Peak_42749	NA	NA	NA	TRUE	0.0051726	0.083848	NA	NA	NA	NA	NA
chr13	114152008	114152289	Peak_42992|chr13:114152008-114152289	-2.1536	.	Peak_42992|chr13:114152008-114152289	chr13	114152008	114152289	NA	NA	NA	Peak_42992	NA	NA	NA	TRUE	0.00027506	0.007251	NA	NA	NA	NA	NA
chr17	59749239	59749585	Peak_43339|chr17:59749239-59749585	-0.63289	.	Peak_43339|chr17:59749239-59749585	chr17	59749239	59749585	NA	NA	NA	Peak_43339	NA	NA	NA	TRUE	0.00053801	0.012902	NA	NA	NA	NA	NA
chr20	62618051	62618405	Peak_43495|chr20:62618051-62618405	-1.0766	.	Peak_43495|chr20:62618051-62618405	chr20	62618051	62618405	NA	NA	NA	Peak_43495	NA	NA	NA	TRUE	0.0009102	0.020006	NA	NA	NA	NA	NA
chr2	222518918	222519371	Peak_43498|chr2:222518918-222519371	-0.61884	.	Peak_43498|chr2:222518918-222519371	chr2	222518918	222519371	NA	NA	NA	Peak_43498	NA	NA	NA	TRUE	0.0032925	0.057906	NA	NA	NA	NA	NA
chr16	1701545	1701908	Peak_43637|chr16:1701545-1701908	-2.841	.	Peak_43637|chr16:1701545-1701908	chr16	1701545	1701908	NA	NA	NA	Peak_43637	NA	NA	NA	TRUE	0.000031813	0.001078	NA	NA	NA	NA	NA
chr17	2492907	2493223	Peak_43659|chr17:2492907-2493223	-2.8328	.	Peak_43659|chr17:2492907-2493223	chr17	2492907	2493223	NA	NA	NA	Peak_43659	NA	NA	NA	TRUE	0.0021439	0.040843	NA	NA	NA	NA	NA
chr19	3075210	3075607	Peak_43691|chr19:3075210-3075607	-1.9247	.	Peak_43691|chr19:3075210-3075607	chr19	3075210	3075607	NA	NA	NA	Peak_43691	NA	NA	NA	TRUE	0.000045327	0.001484	NA	NA	NA	NA	NA
chr22	37760945	37761303	Peak_43745|chr22:37760945-37761303	-3.1222	.	Peak_43745|chr22:37760945-37761303	chr22	37760945	37761303	NA	NA	NA	Peak_43745	NA	NA	NA	TRUE	8.45E-07	0.000043	NA	NA	NA	NA	NA
chr15	90035163	90035462	Peak_43870|chr15:90035163-90035462	-0.45251	.	Peak_43870|chr15:90035163-90035462	chr15	90035163	90035462	NA	NA	NA	Peak_43870	NA	NA	NA	TRUE	0.010306	0.145335	NA	NA	NA	NA	NA
chr19	48290138	48290608	Peak_44100|chr19:48290138-48290608	-3.2608	.	Peak_44100|chr19:48290138-48290608	chr19	48290138	48290608	NA	NA	NA	Peak_44100	NA	NA	NA	TRUE	2.82E-07	0.000015	NA	NA	NA	NA	NA
chr8	143931631	143931937	Peak_44159|chr8:143931631-143931937	-3.1876	.	Peak_44159|chr8:143931631-143931937	chr8	143931631	143931937	NA	NA	NA	Peak_44159	NA	NA	NA	TRUE	2.82E-07	0.000015	NA	NA	NA	NA	NA
chr17	42347346	42347915	Peak_44189|chr17:42347346-42347915	-2.8209	.	Peak_44189|chr17:42347346-42347915	chr17	42347346	42347915	NA	NA	NA	Peak_44189	NA	NA	NA	TRUE	0.00035107	0.009025	NA	NA	NA	NA	NA
chr17	81651578	81651827	Peak_44366|chr17:81651578-81651827	-0.23445	.	Peak_44366|chr17:81651578-81651827	chr17	81651578	81651827	NA	NA	NA	Peak_44366	NA	NA	NA	TRUE	0.013883	0.185638	NA	NA	NA	NA	NA
chr2	223488569	223489293	Peak_44707|chr2:223488569-223489293	-0.49644	.	Peak_44707|chr2:223488569-223489293	chr2	223488569	223489293	NA	NA	NA	Peak_44707	NA	NA	NA	TRUE	0.0023471	0.044141	NA	NA	NA	NA	NA
chr3	12836495	12837059	Peak_44729|chr3:12836495-12837059	-0.85007	.	Peak_44729|chr3:12836495-12837059	chr3	12836495	12837059	NA	NA	NA	Peak_44729	NA	NA	NA	TRUE	0.0032238	0.057437	NA	NA	NA	NA	NA
chr1	156646051	156646330	Peak_45067|chr1:156646051-156646330	-2.0768	.	Peak_45067|chr1:156646051-156646330	chr1	156646051	156646330	NA	NA	NA	Peak_45067	NA	NA	NA	TRUE	1.97E-06	0.000093	NA	NA	NA	NA	NA
chr17	7228247	7228555	Peak_45469|chr17:7228247-7228555	-2.3804	.	Peak_45469|chr17:7228247-7228555	chr17	7228247	7228555	NA	NA	NA	Peak_45469	NA	NA	NA	TRUE	0.00023395	0.00631	NA	NA	NA	NA	NA
chr19	42275196	42275538	Peak_45671|chr19:42275196-42275538	-0.59085	.	Peak_45671|chr19:42275196-42275538	chr19	42275196	42275538	NA	NA	NA	Peak_45671	NA	NA	NA	TRUE	0.0031568	0.056595	NA	NA	NA	NA	NA
chr19	58403993	58404227	Peak_45753|chr19:58403993-58404227	-3.1232	.	Peak_45753|chr19:58403993-58404227	chr19	58403993	58404227	NA	NA	NA	Peak_45753	NA	NA	NA	TRUE	0.0021439	0.040843	NA	NA	NA	NA	NA
chr3	48598259	48598576	Peak_46026|chr3:48598259-48598576	-2.865	.	Peak_46026|chr3:48598259-48598576	chr3	48598259	48598576	NA	NA	NA	Peak_46026	NA	NA	NA	TRUE	4.79E-06	0.000195	NA	NA	NA	NA	NA
chr9	136959026	136959252	Peak_46275|chr9:136959026-136959252	-3.0525	.	Peak_46275|chr9:136959026-136959252	chr9	136959026	136959252	NA	NA	NA	Peak_46275	NA	NA	NA	TRUE	0.0021433	0.040843	NA	NA	NA	NA	NA
chr19	48649417	48650002	Peak_46442|chr19:48649417-48650002	-2.8776	.	Peak_46442|chr19:48649417-48650002	chr19	48649417	48650002	NA	NA	NA	Peak_46442	NA	NA	NA	TRUE	0.0021439	0.040843	NA	NA	NA	NA	NA
chr19	39384975	39385279	Peak_46733|chr19:39384975-39385279	-3.2238	.	Peak_46733|chr19:39384975-39385279	chr19	39384975	39385279	NA	NA	NA	Peak_46733	NA	NA	NA	TRUE	0.0015977	0.032292	NA	NA	NA	NA	NA
chr17	82076274	82076846	Peak_46780|chr17:82076274-82076846	-0.40522	.	Peak_46780|chr17:82076274-82076846	chr17	82076274	82076846	NA	NA	NA	Peak_46780	NA	NA	NA	TRUE	0.0025814	0.047931	NA	NA	NA	NA	NA
chr13	114054852	114055147	Peak_46857|chr13:114054852-114055147	-2.9556	.	Peak_46857|chr13:114054852-114055147	chr13	114054852	114055147	NA	NA	NA	Peak_46857	NA	NA	NA	TRUE	1.41E-06	0.000069	NA	NA	NA	NA	NA
chr19	55471752	55472154	Peak_46910|chr19:55471752-55472154	-3.5117	.	Peak_46910|chr19:55471752-55472154	chr19	55471752	55472154	NA	NA	NA	Peak_46910	NA	NA	NA	TRUE	0.000058841	0.001861	NA	NA	NA	NA	NA
chr19	1437443	1445899	Peak_4717|chr19:1437443-1445899	-0.44593	.	Peak_4717|chr19:1437443-1445899	chr19	1437443	1445899	NA	NA	NA	Peak_4717	NA	NA	NA	TRUE	0.006158	0.096336	NA	NA	NA	NA	NA
chr8	30688511	30688891	Peak_47214|chr8:30688511-30688891	-2.6223	.	Peak_47214|chr8:30688511-30688891	chr8	30688511	30688891	NA	NA	NA	Peak_47214	NA	NA	NA	TRUE	0.011833	0.162566	NA	NA	NA	NA	NA
chr17	82261872	82262149	Peak_47871|chr17:82261872-82262149	-3.2185	.	Peak_47871|chr17:82261872-82262149	chr17	82261872	82262149	NA	NA	NA	Peak_47871	NA	NA	NA	TRUE	2.82E-07	0.000015	NA	NA	NA	NA	NA
chr22	49976769	49977101	Peak_48169|chr22:49976769-49977101	-2.8324	.	Peak_48169|chr22:49976769-49977101	chr22	49976769	49977101	NA	NA	NA	Peak_48169	NA	NA	NA	TRUE	0.0021439	0.040843	NA	NA	NA	NA	NA
chr2	28916928	28917287	Peak_48521|chr2:28916928-28917287	-4.231	.	Peak_48521|chr2:28916928-28917287	chr2	28916928	28917287	NA	NA	NA	Peak_48521	NA	NA	NA	TRUE	1.97E-06	0.000093	NA	NA	NA	NA	NA
chr16	88931122	88931387	Peak_48730|chr16:88931122-88931387	-2.323	.	Peak_48730|chr16:88931122-88931387	chr16	88931122	88931387	NA	NA	NA	Peak_48730	NA	NA	NA	TRUE	2.82E-07	0.000015	NA	NA	NA	NA	NA
chr19	38721607	38721919	Peak_48791|chr19:38721607-38721919	-3.5032	.	Peak_48791|chr19:38721607-38721919	chr19	38721607	38721919	NA	NA	NA	Peak_48791	NA	NA	NA	TRUE	1.97E-06	0.000093	NA	NA	NA	NA	NA
chr19	47489886	47490141	Peak_49546|chr19:47489886-47490141	-2.4904	.	Peak_49546|chr19:47489886-47490141	chr19	47489886	47490141	NA	NA	NA	Peak_49546	NA	NA	NA	TRUE	0.00060558	0.014061	NA	NA	NA	NA	NA
chr12	131786274	131786550	Peak_49635|chr12:131786274-131786550	-0.75944	.	Peak_49635|chr12:131786274-131786550	chr12	131786274	131786550	NA	NA	NA	Peak_49635	NA	NA	NA	TRUE	0.0045533	0.075248	NA	NA	NA	NA	NA
chr22	37754418	37754638	Peak_49697|chr22:37754418-37754638	-3.3283	.	Peak_49697|chr22:37754418-37754638	chr22	37754418	37754638	NA	NA	NA	Peak_49697	NA	NA	NA	TRUE	2.82E-07	0.000015	NA	NA	NA	NA	NA
chr19	579388	579612	Peak_50608|chr19:579388-579612	-4.7529	.	Peak_50608|chr19:579388-579612	chr19	579388	579612	NA	NA	NA	Peak_50608	NA	NA	NA	TRUE	2.82E-07	0.000015	NA	NA	NA	NA	NA
chr16	74563315	74563611	Peak_51026|chr16:74563315-74563611	-3.1931	.	Peak_51026|chr16:74563315-74563611	chr16	74563315	74563611	NA	NA	NA	Peak_51026	NA	NA	NA	TRUE	0.0015977	0.032292	NA	NA	NA	NA	NA
chr9	112866403	112866806	Peak_51339|chr9:112866403-112866806	-3.0843	.	Peak_51339|chr9:112866403-112866806	chr9	112866403	112866806	NA	NA	NA	Peak_51339	NA	NA	NA	TRUE	0.0016996	0.034195	NA	NA	NA	NA	NA
chr17	47619761	47620094	Peak_51344|chr17:47619761-47620094	-3.4785	.	Peak_51344|chr17:47619761-47620094	chr17	47619761	47620094	NA	NA	NA	Peak_51344	NA	NA	NA	TRUE	0.0010746	0.023169	NA	NA	NA	NA	NA
chr19	47136649	47137114	Peak_52316|chr19:47136649-47137114	-3.645	.	Peak_52316|chr19:47136649-47137114	chr19	47136649	47137114	NA	NA	NA	Peak_52316	NA	NA	NA	TRUE	2.82E-07	0.000015	NA	NA	NA	NA	NA
chr20	63901149	63902621	Peak_52332|chr20:63901149-63902621	-0.62149	.	Peak_52332|chr20:63901149-63902621	chr20	63901149	63902621	NA	NA	NA	Peak_52332	NA	NA	NA	TRUE	0.013022	0.175602	NA	NA	NA	NA	NA
chr17	2357119	2357429	Peak_52805|chr17:2357119-2357429	-2.6228	.	Peak_52805|chr17:2357119-2357429	chr17	2357119	2357429	NA	NA	NA	Peak_52805	NA	NA	NA	TRUE	0.00044679	0.010941	NA	NA	NA	NA	NA
chr22	28856732	28857052	Peak_52895|chr22:28856732-28857052	-2.5088	.	Peak_52895|chr22:28856732-28857052	chr22	28856732	28857052	NA	NA	NA	Peak_52895	NA	NA	NA	TRUE	0.000028435	0.000973	NA	NA	NA	NA	NA
chr21	43750532	43750805	Peak_53418|chr21:43750532-43750805	-0.62769	.	Peak_53418|chr21:43750532-43750805	chr21	43750532	43750805	NA	NA	NA	Peak_53418	NA	NA	NA	TRUE	0.0054373	0.087554	NA	NA	NA	NA	NA
chr14	65478096	65478406	Peak_53858|chr14:65478096-65478406	-0.41851	.	Peak_53858|chr14:65478096-65478406	chr14	65478096	65478406	NA	NA	NA	Peak_53858	NA	NA	NA	TRUE	0.010947	0.152415	NA	NA	NA	NA	NA
chr9	72576338	72580597	Peak_5423|chr9:72576338-72580597	-0.36303	.	Peak_5423|chr9:72576338-72580597	chr9	72576338	72580597	NA	NA	NA	Peak_5423	NA	NA	NA	TRUE	0.0058922	0.092765	NA	NA	NA	NA	NA
chr14	49971956	49977311	Peak_553|chr14:49971956-49977311	-0.45674	.	Peak_553|chr14:49971956-49977311	chr14	49971956	49977311	NA	NA	NA	Peak_553	NA	NA	NA	TRUE	0.0011045	0.023742	NA	NA	NA	NA	NA
chr10	133256965	133260212	Peak_5846|chr10:133256965-133260212	-0.41438	.	Peak_5846|chr10:133256965-133260212	chr10	133256965	133260212	NA	NA	NA	Peak_5846	NA	NA	NA	TRUE	0.0037599	0.064691	NA	NA	NA	NA	NA
chr15	92915558	92918107	Peak_5953|chr15:92915558-92918107	-0.36718	.	Peak_5953|chr15:92915558-92918107	chr15	92915558	92918107	NA	NA	NA	Peak_5953	NA	NA	NA	TRUE	0.0042745	0.071516	NA	NA	NA	NA	NA
chr9	131394051	131395819	Peak_6174|chr9:131394051-131395819	-0.29796	.	Peak_6174|chr9:131394051-131395819	chr9	131394051	131395819	NA	NA	NA	Peak_6174	NA	NA	NA	TRUE	0.0018179	0.036119	NA	NA	NA	NA	NA
chr11	123453596	123455309	Peak_6246|chr11:123453596-123455309	-0.49598	.	Peak_6246|chr11:123453596-123455309	chr11	123453596	123455309	NA	NA	NA	Peak_6246	NA	NA	NA	TRUE	0.010306	0.145335	NA	NA	NA	NA	NA
chr3	47824253	47825921	Peak_6316|chr3:47824253-47825921	-0.74504	.	Peak_6316|chr3:47824253-47825921	chr3	47824253	47825921	NA	NA	NA	Peak_6316	NA	NA	NA	TRUE	0.00081617	0.018423	NA	NA	NA	NA	NA
chr19	1225557	1229124	Peak_6339|chr19:1225557-1229124	-0.33825	.	Peak_6339|chr19:1225557-1229124	chr19	1225557	1229124	NA	NA	NA	Peak_6339	NA	NA	NA	TRUE	0.014548	0.192192	NA	NA	NA	NA	NA
chr22	49383339	49384131	Peak_6554|chr22:49383339-49384131	-2.5602	.	Peak_6554|chr22:49383339-49384131	chr22	49383339	49384131	NA	NA	NA	Peak_6554	NA	NA	NA	TRUE	0.00053013	0.012752	NA	NA	NA	NA	NA
chr17	58513385	58514696	Peak_6644|chr17:58513385-58514696	-0.3972	.	Peak_6644|chr17:58513385-58514696	chr17	58513385	58514696	NA	NA	NA	Peak_6644	NA	NA	NA	TRUE	0.0050319	0.082078	NA	NA	NA	NA	NA
chr16	11092915	11095702	Peak_6722|chr16:11092915-11095702	-0.6765	.	Peak_6722|chr16:11092915-11095702	chr16	11092915	11095702	NA	NA	NA	Peak_6722	NA	NA	NA	TRUE	0.0082413	0.122292	NA	NA	NA	NA	NA
chr2	8684430	8685931	Peak_6862|chr2:8684430-8685931	-0.36635	.	Peak_6862|chr2:8684430-8685931	chr2	8684430	8685931	NA	NA	NA	Peak_6862	NA	NA	NA	TRUE	0.0084221	0.123928	NA	NA	NA	NA	NA
chr2	156342475	156343819	Peak_6996|chr2:156342475-156343819	-0.23308	.	Peak_6996|chr2:156342475-156343819	chr2	156342475	156343819	NA	NA	NA	Peak_6996	NA	NA	NA	TRUE	0.0076507	0.115081	NA	NA	NA	NA	NA
chr12	53324209	53325573	Peak_7097|chr12:53324209-53325573	-0.34882	.	Peak_7097|chr12:53324209-53325573	chr12	53324209	53325573	NA	NA	NA	Peak_7097	NA	NA	NA	TRUE	0.0084221	0.123928	NA	NA	NA	NA	NA
chr8	125296594	125298198	Peak_7151|chr8:125296594-125298198	-2.447	.	Peak_7151|chr8:125296594-125298198	chr8	125296594	125298198	NA	NA	NA	Peak_7151	NA	NA	NA	TRUE	0.00012247	0.003536	NA	NA	NA	NA	NA
chr7	102097777	102099378	Peak_7245|chr7:102097777-102099378	0.18692	.	Peak_7245|chr7:102097777-102099378	chr7	102097777	102099378	NA	NA	NA	Peak_7245	NA	NA	NA	TRUE	0.0069446	0.106638	NA	NA	NA	NA	NA
chr12	124927409	124929800	Peak_8455|chr12:124927409-124929800	-0.60571	.	Peak_8455|chr12:124927409-124929800	chr12	124927409	124929800	NA	NA	NA	Peak_8455	NA	NA	NA	TRUE	0.010554	0.148345	NA	NA	NA	NA	NA
chr1	172869809	172873346	Peak_8555|chr1:172869809-172873346	-0.88721	.	Peak_8555|chr1:172869809-172873346	chr1	172869809	172873346	NA	NA	NA	Peak_8555	NA	NA	NA	TRUE	0.00012922	0.003713	NA	NA	NA	NA	NA
chr11	65910948	65913737	Peak_8581|chr11:65910948-65913737	-0.83668	.	Peak_8581|chr11:65910948-65913737	chr11	65910948	65913737	NA	NA	NA	Peak_8581	NA	NA	NA	TRUE	2.82E-07	0.000015	NA	NA	NA	NA	NA
chr19	19364323	19365920	Peak_8859|chr19:19364323-19365920	-2.9786	.	Peak_8859|chr19:19364323-19365920	chr19	19364323	19365920	NA	NA	NA	Peak_8859	NA	NA	NA	TRUE	0.00046932	0.011446	NA	NA	NA	NA	NA
chr16	592104	594432	Peak_9511|chr16:592104-594432	-0.40344	.	Peak_9511|chr16:592104-594432	chr16	592104	594432	NA	NA	NA	Peak_9511	NA	NA	NA	TRUE	0.0071299	0.108829	NA	NA	NA	NA	NA
chr8	127907104	127908432	Peak_9749|chr8:127907104-127908432	0.11599	.	Peak_9749|chr8:127907104-127908432	chr8	127907104	127908432	NA	NA	NA	Peak_9749	NA	NA	NA	TRUE	0.014888	0.196242	NA	NA	NA	NA	NA
chr19	38647620	38653817	Peak_9879|chr19:38647620-38653817	-0.63916	.	Peak_9879|chr19:38647620-38653817	chr19	38647620	38653817	NA	NA	NA	Peak_9879	NA	NA	NA	TRUE	0.0033128	0.058119	NA	NA	NA	NA	NA