baseMean	log2FoldChange	lfcSE	stat	pvalue	padj	grna	locus
598.3767062385679	-3.9178039710293944	0.1653468644407599	-23.694455799209038	4.112898322540407e-124	9.130634276039703e-122	chr4:156026280-156026302_+_GGCCTGAAGCCCAGTCTGAG	peak_10
633.3457426792642	-3.570080922354189	0.22113897764986912	-16.144059994736537	1.250388849757103e-58	9.252877488202562e-57	chr4:156026211-156026233_+_TCTGCTCTACACTTCACAGA	peak_10
332.9643379629542	0.1361021457261457	0.208392111989358	0.6531060337499534	0.5136879226795652	0.7548312821274875	chr4:156026240-156026262_+_CAAACACCTCAGATGTCTGC	peak_10
854.5717036335351	-3.9624505730824424	0.1619732471202863	-24.463611389724164	3.605458819103581e-132	1.60082371568199e-129	chr4:156026323-156026345_+_GAGACAAGGCAAGTTGGAGC	peak_10
807.2581194444107	-3.2841780798249673	0.17678639879377575	-18.577097006518105	4.924327871242145e-77	5.466003937078781e-75	chr4:156026183-156026205_+_GTTAGGAGATGTCCAGAAAG	peak_10
617.0046152036834	-2.068574735701367	0.1619350837954392	-12.774098652485009	2.287826397377794e-37	1.2697436505446757e-35	chr4:156026534-156026556_-_ACTCTCCTCCTTGCCTTACC	Tnfrsf18_ENSMUST00000040274.12
646.5783186464732	-2.3715787199245733	0.1612941389358927	-14.703440159516095	6.126644571818848e-49	3.8860431284108126e-47	chr4:156026371-156026393_+_ACTCAGGAGAAGCACTATGG	Tnfrsf18_ENSMUST00000040274.12
1219.390050923469	-2.9260866445253604	0.14033089617533476	-20.851335837472288	1.4822623128750052e-96	2.1937482230550077e-94	chr4:156026160-156026182_+_GGAGTTGGGAGAGGCATGTA	peak_10
361.1203360471495	-0.5201715325593723	0.16315210101730243	-3.188261317604532	0.0014313112117935955	0.010250035129618652	chr4:156025987-156026009_+_GTGCTCTGGACTCCTCTCGC	peak_10
558.2230222950199	-2.1853691928092798	0.21237998507062594	-10.289901810109582	7.825613349111747e-25	2.895476939171346e-23	chr4:156026350-156026372_-_GTCTTCTGTCGGCTGATTTC	peak_10
625.7985906923441	-1.0737625490565275	0.14915170108506132	-7.199130423890773	6.059776726232125e-13	1.2812099364033635e-11	chr4:156026390-156026412_+_GGGGCATGGGCCATGCTGTA	Tnfrsf18_ENSMUST00000040274.12
323.6706549230702	-0.08831158584001499	0.16769758802931803	-0.526612140805363	0.5984629592298126	0.7830115928800317	chr4:156025961-156025983_+_ATGATCTTCTTAACGAGGCA	peak_10
429.43362323581346	0.21392040529693376	0.18259036286980124	1.1715865061809032	0.2413631082367574	0.5031230988597196	chr4:156026013-156026035_+_TCCTAGTTTCCCAGGCTTAG	peak_10
446.90839482835855	-1.382854325335576	0.21420975026020544	-6.455608690341086	1.077847885397373e-10	1.8406325427555138e-9	chr4:156026480-156026502_+_GGCAAGGTTCAGAACGGAAG	Tnfrsf18_ENSMUST00000040274.12
427.92650092527543	-0.5688647054068956	0.1860667338526579	-3.057315478313103	0.0022332909341483864	0.014496770733998078	chr4:156026139-156026161_+_CCTAGCCAGGGCGAGTTTGC	peak_10
487.3552428028507	0.4522512020814613	0.19861431382229533	2.2770322711287596	0.022784298588955303	0.10016067894550648	chr4:156026139-156026161_-_CCAGCAAACTCGCCCTGGCT	peak_10
510.88854327051143	-0.9091598659847536	0.18565378796345738	-4.897071457349987	9.727547210117733e-7	1.1997308225811872e-5	chr4:156026581-156026603_-_TCCTCATATGAGTGTCGGGA	peak_10
767.1164678554427	-0.8929097307930176	0.14767131662846417	-6.04660235433227	1.4793226595217468e-9	2.3457830743844842e-8	chr4:156026453-156026475_+_GTAGTTGAGGAGCCTGGCTG	Tnfrsf18_ENSMUST00000040274.12
451.2851418306358	0.13694885524324552	0.19966805533038867	0.6858826516672267	0.4927871108107319	0.7534056014714207	chr4:156025903-156025925_-_ATGGGCGGTGTGGCCTGCCC	peak_10
366.1906324330208	0.08900298039550847	0.18017927331357333	0.4939690273953595	0.6213280535437592	0.7927288959006583	chr4:156026072-156026094_+_ATACAATAAGGGGTGCCCAC	peak_10
311.95029162276154	0.04593061790353088	0.1595260010389603	0.2879193210159732	0.7734084968439079	0.8715567832454191	chr4:156025885-156025907_+_GGAACTGCCAAGGCTAGACC	peak_10
359.51257347777135	-0.32054060650541455	0.16565312346229757	-1.93501094217743	0.05298895294551796	0.1824874593460247	chr4:156026413-156026435_+_AGTCTCGATGCTCTGTGTGC	Tnfrsf18_ENSMUST00000040274.12
343.89443088071494	0.1968891671017287	0.20553627565537977	0.9579290394064084	0.33809854200347356	0.6127173577532337	chr4:156025922-156025944_-_CTAGCAAGTACATGAAGCCA	peak_10
984.4808168721399	-1.2773419646161275	0.16081419626887417	-7.942967687258585	1.974003825012167e-15	5.1556335194435413e-14	chr4:156026098-156026120_+_CAGCAGTGGCACATGTGAAT	peak_10
707.6142163104421	-1.352027009404233	0.16379764134624258	-8.25425200443674	1.528565213739517e-16	4.524553032668971e-15	chr4:156026609-156026631_+_GGCACAGGGCACATGTGAGT	peak_10
267.24155598248973	-0.18411577149326155	0.20211511181241446	-0.9109451037196155	0.36232429903132884	0.6409242580474502	chr4:156026676-156026698_+_ACAACTTCCTCTCAGAATGT	peak_10
231.4874264746767	-0.771272829143454	0.22117191590272453	-3.48720960342304	4.880886651435079e-4	0.003736402884891681	chr4:156026652-156026674_+_GAGCTCTGATAAGGAGGTAG	peak_10
351.22091653479526	0.11225255932016245	0.17463854196598502	0.6427708228463468	0.520372818065793	0.7548312821274875	chr4:156026630-156026652_+_GGTAGGTAAATCTTTGAGTC	peak_10
375.72684374087964	-1.3658417399378042	0.19989083719383127	-6.832938213237694	8.319279424461252e-12	1.4775040257843183e-10	chr4:156032215-156032237_+_AGCTGTCTAGAGACCTTGAG	peak_11
509.7534721387944	-1.0374963325709319	0.14827794684262743	-6.9969699113251345	2.6155742894054937e-12	5.049195584765388e-11	chr4:156032142-156032164_-_GCATCTCATATGTCAGGCTG	peak_11
390.27514221048125	-1.279481765257359	0.19913440795048062	-6.425216909653964	1.3168161042022977e-10	2.1654309269104447e-9	chr4:156033664-156033686_-_CAAGGAACTGAGGCTACAAG	peak_11
420.948408384748	-1.2787329770885592	0.1697042181189695	-7.535068905547862	4.8807702618427815e-14	1.14055894539905e-12	chr4:156032239-156032261_+_AGGTGGGTAATGACTGTCCC	peak_11
438.9711188013333	-1.0080676304492227	0.19712555845928345	-5.113835254688399	3.1568270537618824e-7	4.521391006033148e-6	chr4:156031061-156031083_+_AGGGTCTGTGCAGGTCCCAA	peak_11
305.29117821285996	-0.8172772222526107	0.1853154596423597	-4.41019450740847	1.0327781044247786e-5	1.0917939961061945e-4	chr4:156033682-156033704_-_CTACAGCCACTGCTCTGGCA	peak_11
390.568053302134	-0.24070935176392372	0.16516511757049038	-1.457386131555242	0.14500982312177169	0.3700250658969347	chr4:156031042-156031064_+_TAAGAACTGTGAGCTGTGCA	peak_11
282.5409302895834	-0.15808321994334332	0.20934518339702604	-0.7551318706174209	0.4501698620657876	0.721571908870793	chr4:156030739-156030761_+_TGCCCATCACACCTCTAGAT	peak_11
373.28240421636775	-0.792101431534619	0.19665697872692933	-4.027832811539843	5.629334972134316e-5	5.317924952399226e-4	chr4:156030767-156030789_-_GTTTCCAGTGTAACTGTCGA	peak_11
231.42023838212634	0.19070620606664926	0.22427972773801574	0.8503051434475425	0.3951554577143706	0.6826810242224924	chr4:156032066-156032088_+_GAAATGCTTCCGGCCACAGC	peak_11
665.2452737990943	-0.7674215206878614	0.16729316939385677	-4.587285443084218	4.490465321168983e-6	4.984416506497571e-5	chr4:156032170-156032192_-_AAGGGTTGCTGAGTTGTAAA	peak_11
381.564701437945	-0.9851592871123258	0.14342298700519804	-6.868907890452881	6.469525953726648e-12	1.1968623014394298e-10	chr4:156030986-156031008_-_ACGGCTCATCTCATGCCCCT	peak_11
279.34417574588866	0.35042676325313526	0.1779265202007535	1.9695027073971363	0.048895391985213775	0.17507704872124932	chr4:156032028-156032050_+_AGTTTCAGATAAAGGCTCAG	peak_11
302.6498883929734	0.21440035449676925	0.19301048510203678	1.110822318193877	0.2666448378640662	0.5288911580900444	chr4:156033725-156033747_-_GTTTCTAAGCTACAACTGCC	peak_11
311.77520438059355	-0.5996643219022105	0.21161891862915883	-2.833699017964754	0.004601264672999844	0.027607588037999065	chr4:156031806-156031828_+_TGCTACCCTGTAGCTCTGCT	peak_11
511.96707923563315	-1.8563971218595048	0.18407481880592494	-10.085013984540463	6.43560196313409e-24	2.19800559356272e-22	chr4:156033633-156033655_-_GGTCACAGAGGAAATGATCG	peak_11
521.1306236262067	-0.10091094449256732	0.1564753848368356	-0.6448998006797811	0.5189921209105309	0.7548312821274875	chr4:156030791-156030813_-_GTTTGGGGATGTCCCACCTG	peak_11
302.2691488446951	-0.22853025554774084	0.17654034235270924	-1.2944931028351647	0.19549515014097835	0.4451274187825353	chr4:156033702-156033724_+_TAGACAGAGCCCTCTAGTGG	peak_11
417.0691937913107	-1.2723941888673316	0.15879499760644997	-8.012810277693843	1.1211652625064001e-15	3.11123360345526e-14	chr4:156030964-156030986_-_GGTGGACGTGAGTGGAATGC	peak_11
283.4796406654114	0.07994093139841527	0.20653755480166933	0.3870527637222185	0.6987171464337197	0.8362005741686565	chr4:156032270-156032292_+_CTATGCTCCCACTGACTAGC	peak_11
585.9375208438897	-0.6569016025875262	0.1503514611500174	-4.369106875071098	1.247557042564518e-5	1.2881751788340606e-4	chr4:156033559-156033581_+_CAGGCGGTCTGAATGGAGAA	peak_11
436.33890243588274	-0.9854993089862136	0.22127485273479502	-4.453733882572576	8.43896871703545e-6	9.138785635033514e-5	chr4:156032315-156032337_-_ATGTGAGCCCAGCCCAGTAC	peak_11
151.87052288702606	-0.7486767143827661	0.24791766863883244	-3.0198602564040793	0.0025289133800018714	0.01604053629601187	chr4:156030682-156030704_+_CTACAAGGCTAGAATCAGCC	peak_11
334.81413520243444	-1.0148937417794748	0.21733514232558146	-4.669717611793777	3.016140504098353e-6	3.433759958511971e-5	chr4:156033747-156033769_-_CAGTAGTCTCAACTGTGGCA	peak_11
306.0997524235701	-0.001994214485297488	0.207001835012043	-0.009633801000756677	0.9923134578179855	0.9968035639619582	chr4:156031871-156031893_-_GAGCACCTACTGTGGGGTAG	peak_11
278.0343576255229	-0.2283349886950862	0.17172299422724108	-1.329670436522499	0.18362687948635753	0.4291070236418039	chr4:156030834-156030856_-_TTCCAGCACATACAGCCTGT	peak_11
376.7664894479088	-0.12044565531904591	0.17680241406589425	-0.6812444046954914	0.49571685498979573	0.7534056014714207	chr4:156031009-156031031_+_GCCAGCCTGTGAGTTAGATC	peak_11
766.5161605983984	-0.28458894443623384	0.13432544421904544	-2.118652546364579	0.03411984146687529	0.1389835744155287	chr4:156033090-156033112_+_GACATCTTACCACCACCCCG	peak_11
425.48853859426316	-0.7400133320147101	0.1883716798969317	-3.92847445231476	8.548643015085138e-5	7.591194997395603e-4	chr4:156032816-156032838_-_GGCCCCATCTACTCTCTCCC	peak_11
378.7774487256703	-0.4319214095139528	0.1688648825212282	-2.557792970718204	0.01053387844446292	0.053759103785534904	chr4:156030859-156030881_+_CCCTCCTGTGGGCGGCTGAT	peak_11
504.9411658334535	-0.6791620674218116	0.18472145966686432	-3.6766820089373784	2.3628728394014083e-4	0.0020175298859504334	chr4:156030859-156030881_-_CCCATCAGCCGCCCACAGGA	peak_11
404.53915159024234	-0.12911322869880695	0.19181203435750857	-0.6731237126558987	0.5008685892734912	0.7534056014714207	chr4:156033423-156033445_-_TCTTGGAAAGAGCCTGCCCC	peak_11
329.89831955750634	-1.1685999176266129	0.22880849525848312	-5.107327489333186	3.267471710511133e-7	4.533616998334197e-6	chr4:156033066-156033088_-_GCAGAAGTGACAAAGCTCTC	peak_11
509.3662288016003	-0.47883714436492447	0.15675435946031935	-3.0546974643224316	0.0022528765329861877	0.014496770733998078	chr4:156030880-156030902_+_GGTGTGATAGTGGGATGGCA	peak_11
489.18765165381944	-0.5970769661003239	0.16322782761051763	-3.6579361181294745	2.542543943102868e-4	0.0020911979072350205	chr4:156032335-156032357_+_CATCCCAGAGACTGTCCCTT	peak_11
289.8363653758295	-0.41047703606055375	0.18994549360612645	-2.1610253987479404	0.0306933775009728	0.1273631739292703	chr4:156033160-156033182_+_ACCAGAAATGTTTATGACAC	peak_11
306.6793038403159	-0.36846855017293806	0.21154442166589688	-1.7418022525542158	0.08154305242394413	0.24298735084718925	chr4:156033343-156033365_+_ACTAACAGCCCAAGGCCCTA	peak_11
293.738880135848	-0.45756234554234665	0.21991213681669056	-2.080659813349689	0.03746505488339847	0.14986021953359388	chr4:156032837-156032859_-_CACTCACCCCACAGGAGTAA	peak_11
317.5194464986137	-0.855225643007764	0.21564188849327032	-3.965953224502825	7.310319897976704e-5	6.624044968778891e-4	chr4:156033388-156033410_-_TGGGTATCTGACGTCCACCG	peak_11
325.1433232417661	-0.0748521110493383	0.17000553225999857	-0.44029220728454266	0.6597254840275653	0.8164731189470178	chr4:156031409-156031431_+_ATGTGCCCTAAGCAGGTCAA	peak_11
292.5593324309606	-0.714797038540181	0.19561029035232083	-3.654189343785206	2.5799582886492213e-4	0.0020911979072350205	chr4:156033192-156033214_+_CAAGGGACACAGCTCTGACT	peak_11
401.7348416796734	-4.2855025304808036e-4	0.19008561456485712	-0.0022545117579208457	0.9982011614000696	0.9982011614000696	chr4:156032371-156032393_-_CACTTAAGCCTGCCTTAGTC	peak_11
225.2741157991723	-0.1431457131743031	0.21852788617527322	-0.6550455215564167	0.5124384458627544	0.7548312821274875	chr4:156031835-156031857_-_CAGCAAGACTTTCCTCCTGC	peak_11
384.3411338849769	-0.04979702922209789	0.15248070607300304	-0.32657921454178346	0.7439861666527687	0.8669965728471468	chr4:156032400-156032422_+_TGTGTTGTAAAGGTCTGTGC	peak_11
541.6203398838375	0.011766059758612675	0.1518701402782815	0.07747447745193994	0.9382460942782831	0.9733569376456348	chr4:156031087-156031109_+_AGGCTGAGGGCCTGTAGCTG	peak_11
757.9204917578127	-0.9259932135044974	0.17089030397972363	-5.418641034276396	6.005375601298665e-8	8.887955889922024e-7	chr4:156032778-156032800_+_GCTCCTGGAGACTTACGTGT	peak_11
523.0392671086912	-0.23955397993527178	0.18943682337284004	-1.2645586833125557	0.2060295718446622	0.4506262556602464	chr4:156033318-156033340_-_GGTCAGGGCAACATTTCTGC	peak_11
407.48064974858977	-0.7368368949255358	0.1774101423518109	-4.15329634009515	3.2771988846586464e-5	3.2335028995298645e-4	chr4:156033286-156033308_-_TGCTACATAGCCATGCCCCT	peak_11
272.5282388069866	-0.20397309138231237	0.21062255597447155	-0.968429475364618	0.3328299247337929	0.6127173577532337	chr4:156033535-156033557_+_TAGACTGAAACACCTGGCAT	peak_11
518.7752247368093	-1.3392997483852462	0.1794967713994912	-7.461414141006899	8.559873435013802e-14	1.900291902573064e-12	chr4:156030651-156030673_-_TGACTCCTCACCCACCCAGT	peak_11
224.57185773732476	-0.475352266159149	0.23578219745499435	-2.0160651282838407	0.04379316591412868	0.16299697932911028	chr4:156031717-156031739_+_GACCAGTCAAAAAACCAACG	peak_11
324.8839972385456	-0.20985179674097393	0.19936776555755656	-1.052586390553646	0.2925305972861157	0.5601767889776597	chr4:156031247-156031269_+_AAGTACTTGCCCATCTGCAT	peak_11
456.82795998502826	-0.14817721604228223	0.1932434558003971	-0.7667903444830536	0.4432061780572479	0.7208188390381614	chr4:156032612-156032634_-_CTGGCCTTACATTGTCACTG	peak_11
251.59095509092867	-0.01892980947673705	0.17214887935454573	-0.10996185132143989	0.9124396296250512	0.9622878754240445	chr4:156032631-156032653_-_TAGTTGTATCAAGACTGGTC	peak_11
193.00707837546193	-0.6755242078689471	0.22836380208826101	-2.9581054514404244	0.003095362137845096	0.01935691252398905	chr4:156032966-156032988_-_TAGCCTATCTGGTTCAAGCA	peak_11
130.66248401955173	-0.24551796568778061	0.24933584362791208	-0.9846878094838665	0.3247774425306807	0.6084438163865917	chr4:156032938-156032960_-_GCCAGCCATGGGCTGTCCAA	peak_11
598.5626576011409	-0.6781609131201138	0.14433593134168807	-4.698489882707695	2.6209217012421413e-6	3.0623400930302915e-5	chr4:156033006-156033028_+_TCACATCAGGATCTTAGTAG	peak_11
369.33151241132094	-0.8082997591915642	0.19174495689184523	-4.215494228865117	2.492317659939647e-5	2.514975093211826e-4	chr4:156032747-156032769_-_TAGGACAGCATAGAGCTCTA	peak_11
341.8461922811214	-0.3724681424599809	0.18980000358735502	-1.962424317281708	0.049713103937938645	0.17658094518755807	chr4:156033444-156033466_+_GAGGAACCACAATCGGTTAT	peak_11
316.59401322622824	0.0584941502765905	0.2153505630229249	0.2716229270798961	0.7859119687657972	0.8789544436574658	chr4:156031473-156031495_-_ATTAACGCATGAACGTTGGA	peak_11
581.7532060474724	0.004499863642398034	0.1454628673988269	0.03093479265784309	0.975321542664598	0.990944542203848	chr4:156031206-156031228_-_GTGGTCTCTGTTTGGATGGT	peak_11
508.5605093818303	-0.0751947773023305	0.17868321897876838	-0.42082730394097806	0.673881192255062	0.8219869487946362	chr4:156031749-156031771_-_CCACCCCCACGTAGGACTAA	peak_11
458.73380772444386	-0.8067751991895263	0.15878771946934567	-5.080841275922954	3.7576699821485483e-7	4.9070749178645745e-6	chr4:156030620-156030642_-_GAGGCAGTTGCAGGCAATGA	peak_11
286.5764364095	-0.030908287152359947	0.22090658285329806	-0.13991564557804892	0.8887266395041354	0.9444440730515247	chr4:156033493-156033515_+_TTCATGCTCTAGGCCACAAC	peak_11
471.20178515498134	-0.79882218027794	0.1937836118189374	-4.122238061205729	3.752091469985691e-5	3.621583940594884e-4	chr4:156031268-156031290_+_GGCTGGCAACCACAACAGCT	peak_11
310.2539270927465	-0.21926852125110965	0.19827127818019685	-1.10590158727796	0.2687691177087818	0.5288911580900444	chr4:156032497-156032519_+_AACTCTACTGGTAGGACCAC	peak_11
250.47653102922723	-0.22980942631108153	0.2041071621269303	-1.1259253419444806	0.2601971216625832	0.5227489684080857	chr4:156032581-156032603_+_GTCAGGAGCTCTATTCTCCT	peak_11
152.66013628858198	0.18901213985098694	0.24215351704562554	0.780546746365753	0.4350691233889364	0.7128069770652685	chr4:156033997-156034019_+_TAAAAGAACAGGGACTAGTC	peak_11
267.6010175946151	-0.17854737278770325	0.24112244591069734	-0.7404842469698174	0.45900621629815425	0.7238350319895163	chr4:156032518-156032540_+_GGATTCCCTCCAAGGAGAGG	peak_11
238.97125184003386	0.4504523918017223	0.23387003763968692	1.9260799559784316	0.05409439098281475	0.18475315074130577	chr4:156032649-156032671_+_AACTATCAGCTCCTAAGCCT	peak_11
375.77815272204407	-0.7844813508312158	0.1632975565277108	-4.803999321925513	1.5552735544628554e-6	1.8663282653554263e-5	chr4:156032908-156032930_-_TACCTGCTACCCTTCATTCC	peak_11
228.07728362729065	-0.7624186114040545	0.20870181122937156	-3.653148034092173	2.5904478580613993e-4	0.0020911979072350205	chr4:156033772-156033794_-_AGTGGATAAGGAAATCTTCC	peak_11
392.96041684626425	-0.4204699338274987	0.1604286295535538	-2.620915824049589	0.00876939116883078	0.04635249617810555	chr4:156031117-156031139_-_ACTCCCCTTCTTGCCGTCAC	peak_11
438.13290523417413	0.12131197706205553	0.15145999511995328	0.8009506204326685	0.4231602332087525	0.7035873288622742	chr4:156032464-156032486_-_TTCCTCCACCACAAGACACT	peak_11
588.0167429239209	0.05675048526645741	0.17803242839480118	0.3187648777143491	0.7499048134700212	0.8676106663531321	chr4:156031912-156031934_-_CACGCGCGCGCTCGCTCTCG	peak_11
391.47967054560155	-0.42588627667976586	0.17221488990273393	-2.472993345234574	0.01339866379396955	0.06262112341602612	chr4:156031146-156031168_+_TCCAGGGGTGCTAGAATGTA	peak_11
406.36600595354037	0.15348310881928398	0.1800551824079123	0.8524226115945406	0.3939795745733442	0.6826810242224924	chr4:156031319-156031341_+_TTCTAAACGCCCCTCCCGGA	peak_11
201.04910770945216	0.2620485466202364	0.2053098385673502	1.2763564982993914	0.20182952656008066	0.4480615489633791	chr4:156033228-156033250_+_AGGCTATAGAAAATAGAACT	peak_11
572.9161617938901	-0.3088237703265774	0.18869783100636053	-1.6366047700684365	0.10171307829400045	0.28225379226585123	chr4:156031532-156031554_+_TCCTGCCGGGCAACCCTCCC	peak_11
632.850857686279	0.3015000543888479	0.16091594111411966	1.8736493867629167	0.06097876625117016	0.2005523867816263	chr4:156031618-156031640_-_GAAGAAGAGGGGATTTGGCC	peak_11
175.44359424850913	0.5066324670804708	0.2754479347306638	1.8393039235377167	0.06587049629057105	0.21080874574396072	chr4:156033967-156033989_-_TTATATCTAATAACACTAAA	peak_11
319.9214148569157	0.19633257933322584	0.244732528917733	0.8022332797419961	0.42241802887864655	0.7035873288622742	chr4:156031589-156031611_-_GGGTAGGAGACGGACCACCC	peak_11
231.10066489728473	-0.031288338134676984	0.2048415517166816	-0.15274409841393993	0.8786000832709776	0.9422667559717731	chr4:156033805-156033827_+_GCTCCAATACAAAACAGGGA	peak_11
302.40246892090204	-0.14338441646240407	0.17276375208822908	-0.8299450245163625	0.4065698668970196	0.6916360954110219	chr4:156032677-156032699_-_CCATTAGGAATACAACAATA	peak_11
559.125404267058	0.24017395463500035	0.18625407363162147	1.289496384975843	0.19722557230327578	0.44677629644211453	chr4:156032677-156032699_+_CCATATTGTTGTATTCCTAA	peak_11
314.41754750899617	0.034891521334392016	0.18305064611442243	0.19061129843039074	0.8488301376271008	0.9192209295278848	chr4:156031566-156031588_-_AAACATGGCATGTAGGTACA	peak_11
354.5218317776977	0.3466657840135892	0.1952423171202507	1.775566839846897	0.07580433963650664	0.2321181158524755	chr4:156032707-156032729_-_CATTTGAGCATCTAGCCACC	peak_11
294.9037175399728	0.27356047163745495	0.23068295512173484	1.1858720619089218	0.2356728277947155	0.49357894123044194	chr4:156035027-156035049_+_AGAGGGCTCAGACTCCGCTA	Ttll10_ENSMUST00000184348.7
535.8520956729774	0.11058499170042847	0.1404229012888986	0.787513936013306	0.43098107366333704	0.7087244322463765	chr4:156034895-156034917_+_CGCTGGATGCTGCGGCTGCT	Ttll10_ENSMUST00000184348.7
261.93879879241877	0.3622511227909709	0.18614030581494864	1.9461186614311399	0.05164048743682929	0.1805383970232457	chr4:156034954-156034976_+_GCTCCTCCTCGGGCGGACCC	Ttll10_ENSMUST00000184348.7
428.9433466844433	0.013111837602636876	0.2177367346230072	0.060218766600587254	0.9519813992519428	0.9829761424834014	chr4:156034972-156034994_-_CACAGCCCGGGAACCCTCCC	Ttll10_ENSMUST00000184348.7
320.43245858710986	0.07683421670960681	0.1752531150256421	0.43841855078219205	0.6610829012937993	0.8164731189470178	chr4:156034920-156034942_-_CAGAGAAGTACGAGCCATCG	Ttll10_ENSMUST00000184348.7
356.7652260464885	0.22023097814787992	0.17869270951403834	1.232456426156425	0.21777863405302267	0.4637155920069078	chr4:155993070-155993092_-_CCTATCCTTCAAAGCCGCCC	peak_1
461.9484131166405	0.005062807222739449	0.1450608949659396	0.034901254565733925	0.9721584802253292	0.989996250504693	chr4:155993070-155993092_+_CCAGGGCGGCTTTGAAGGAT	peak_1
348.67400246426416	0.15422149787769368	0.2004222372081184	0.7694829676886109	0.441606651873721	0.7208188390381614	chr4:155993052-155993074_+_ACTCCCCGGAGCTGATATCC	peak_1
211.2747715069351	0.26978354671411603	0.2125978535387667	1.2689852800650296	0.20444631411957684	0.44937704687669366	chr4:155993100-155993122_-_GGGTCACGTGTCAATCATTC	peak_1
465.5636854123591	0.2700133825307799	0.16255252703274006	1.6610838813745166	0.09669660123607218	0.2740064582772369	chr4:155993133-155993155_+_TCCTATTGGTTGCTTCGCAG	peak_1
545.5674151522944	0.49786140518449695	0.18141105997061857	2.7443828687464307	0.006062478507717025	0.0349576682782644	chr4:155992375-155992397_-_TGGCTGGCACCGGAGAGGCG	peak_1
361.93532998631434	0.11563059310214037	0.17536148793941447	0.659384192395137	0.509649090376795	0.7548312821274875	chr4:155992610-155992632_-_GCCTCTCGCCCGCAGCATGA	peak_1
549.4063633024195	0.17852929011101737	0.1619844748500619	1.1021382776112951	0.2704015605550452	0.5288911580900444	chr4:155992397-155992419_+_ACGTGCTGCGCACTGCGGTG	peak_1
287.2679798971019	0.1676481097180159	0.21000251449631951	0.7983147731355096	0.4246878471511024	0.7035873288622742	chr4:155993034-155993056_-_GGAGTCGAAACCCCCAGCCA	peak_1
414.3264599597516	0.3384452144413597	0.17770833306244196	1.9044982787748006	0.05684532062242815	0.19120698754816742	chr4:155992590-155992612_-_AGGTATTCCGGCGCGCTTGG	peak_1
356.2147905728481	0.033213308611079774	0.17981113531595855	0.18471219011391246	0.8534547843786295	0.9219803510075706	chr4:155993158-155993180_+_GCTTCCGCCCATAAGAAAGA	peak_1
651.8060283920119	0.1373356902423532	0.15071213358302168	0.9112450801228961	0.3621662563187474	0.6409242580474502	chr4:155992356-155992378_-_GTGGCGGACCCGAGGACGTG	peak_1
379.4488532250067	0.09501719579274125	0.17059151242794474	0.556986654496513	0.5775365473443359	0.7770491727905611	chr4:155992631-155992653_+_GCCGCCGAGGAGCGCAGGCG	peak_1
527.2660093134142	-0.02771983820806552	0.18860533199502078	-0.1469727176578302	0.8831535545951543	0.9425965823082897	chr4:155992994-155993016_+_CCGGTTAGGCCTGGTAACGT	peak_1
329.3170728921338	0.2809425366260811	0.18337275175344706	1.5320844233379942	0.12550160305556957	0.3316828080754338	chr4:155992994-155993016_-_CCCACGTTACCAGGCCTAAC	peak_1
406.0945804554353	0.09237518562756546	0.17149192752697118	0.5386561744315181	0.5901241189828504	0.7830115928800317	chr4:155992456-155992478_+_GCCAGGAAGGCCTTAGCGCG	peak_1
356.62213918556	0.15466453636904676	0.1641716637696275	0.9420903267818401	0.34614639654036294	0.6247520327801673	chr4:155992975-155992997_+_GACTCGGAGACTGGCGCGGC	peak_1
545.0030532102355	0.289112561032099	0.16920401971012228	1.7086624864314817	0.08751348672182552	0.2573244245330499	chr4:155992565-155992587_+_CGCCTAGGCCCAGCGCCACC	peak_1
300.06050344234944	0.5897346171637817	0.15840470109393967	3.7229615856795055	1.968994890684481e-4	0.0017141837871841362	chr4:155993219-155993241_-_TAAGACAACCGGGAACGGTG	peak_1
250.20160714815913	-0.07906046664602251	0.2435645026272808	-0.3245976560344932	0.7454856014668243	0.8669965728471468	chr4:155993198-155993220_-_GGAAAAAAACACCCGGCCTC	peak_1
568.8934817999924	0.1087688581320563	0.14347781331522036	0.7580883456391367	0.44839809613286374	0.7213360676919982	chr4:155992427-155992449_-_GGTGGCCAGTGCGCCCCGCG	peak_1
750.067247588004	0.1459314397939696	0.1671336736513934	0.8731420581249993	0.3825856520455062	0.6740794821754157	chr4:155992333-155992355_-_GCGCGCTTCGCCGTGGGCAC	peak_1
381.999437897922	0.5194044909156039	0.18446832612142594	2.815683872870982	0.004867353506549424	0.028814732758772593	chr4:155993414-155993436_+_TCTGAGCCGGCTCGACCCCG	peak_1
229.65113362676124	0.10023793305210382	0.26639961685583097	0.37626905862387244	0.7067168796233656	0.8399733988136684	chr4:155993391-155993413_+_GGTAGCGTTCGAATCGCGCC	peak_1
572.8628315492382	-0.07744439127852237	0.17811457822865068	-0.43480096940243057	0.6637069012125416	0.8164731189470178	chr4:155992311-155992333_-_GCGGCTTAGGCTCGGAGGAG	peak_1
604.3989013777704	-0.05192174579587455	0.145373706008087	-0.3571605018653524	0.72097165332038	0.8491018940961506	chr4:155992849-155992871_+_TCGGAGACTGGAAGGCTCGG	peak_1
382.9132633673138	0.10485684064777494	0.17731569390822235	0.591356796099776	0.5542813818499936	0.7696334112361873	chr4:155992476-155992498_+_GGGCCGAGCGGCTCCGGAAG	peak_1
350.9036732497192	-0.011811397750818747	0.15081978897350254	-0.07831464180667887	0.9375777707567184	0.9733569376456348	chr4:155993179-155993201_+_GGCGGCTTCGAGATTCGTAC	peak_1
293.8010935822343	0.15502118047130817	0.19155567238665036	0.8092748105020966	0.41835709195594617	0.7035873288622742	chr4:155992529-155992551_-_CGGCACCACTCTGTTGTACC	peak_1
300.1252120632388	0.4689473839789293	0.17988671616644689	2.6069039113761923	0.009136499547261472	0.047724774105695214	chr4:155993245-155993267_+_GCCCCTTCCCGGAAGAAAGA	peak_1
335.00902344907433	0.06409074226019479	0.17337600268266332	0.36966328251033975	0.7116333930929921	0.840333049290661	chr4:155992289-155992311_-_GCGCGCTCTTGAGCTCGAGC	peak_1
545.4595387607292	0.27756622259074043	0.1841848804746043	1.5069978701591182	0.13181120313115383	0.3433920378327954	chr4:155993369-155993391_+_GGCGGGCTTGGGAGGCCATT	peak_1
293.71202491848436	0.5189709323490252	0.22966653345073923	2.259671553149203	0.02384164308509125	0.10378126989980896	chr4:155992121-155992143_+_GGTCCACCAGGATAGCGTCC	peak_1
537.9506095637763	0.4080678082718705	0.1400662679216516	2.9133910278821022	0.0035752659665759822	0.02174545327616077	chr4:155992511-155992533_-_CCTGGCGCGCTGCGCTTCCG	peak_1
197.22744984450264	0.5120379503511623	0.27289531797413114	1.8763163624511157	0.06061185154558311	0.2005523867816263	chr4:155991687-155991709_-_GCCTTTCCTATGTCTATGAC	peak_1
605.8149799078799	0.04185765981048697	0.16837639195431006	0.24859577595560603	0.803673476245527	0.8946525946737095	chr4:155993351-155993373_+_TGCAGTCGCCGTGCGAGGGG	peak_1
765.9831132062396	0.33358475040824415	0.15347589527636085	2.173531874875628	0.0297403094805429	0.12457261706944386	chr4:155992100-155992122_+_GTGCGGGCTCCCGTGCGCGT	peak_1
460.4859375886407	0.1595852417774948	0.15166728040423075	1.0522061274663905	0.29270498883517354	0.5601767889776597	chr4:155993448-155993470_-_AGTTCCGGAAGCAGCAGCCG	peak_1
356.38870379101627	0.24264057412576376	0.17945986879864628	1.3520603561680196	0.1763560080657329	0.42728488262246034	chr4:155993274-155993296_-_TCTTACGCAGAACTCGGCTC	peak_1
454.1115400823947	-0.13837999235367543	0.20625355970838524	-0.6709217166934045	0.5022704009809471	0.7534056014714207	chr4:155992139-155992161_-_CGACGACTCCTTTGCGCGCC	peak_1
317.2325912402606	-0.14449173623758457	0.21213775909154398	-0.6811221955787321	0.49579417377570145	0.7534056014714207	chr4:155993786-155993808_+_GTAGACCAGAGTGGCTGCAC	peak_1
350.4417290015985	0.425395528343089	0.1589304750282995	2.6766139613396502	0.007437026906317377	0.04076592526425822	chr4:155993743-155993765_+_CGAGCTTTCTCCGTGTAGCT	peak_1
305.60969388050194	0.11801728052771095	0.194906761710956	0.6055063430930576	0.5448426113316037	0.7679686331150224	chr4:155992002-155992024_+_GTAGTAGTCGCAGAGTTGCC	peak_1
405.5979943825781	-0.12463920983990756	0.17795635026029671	-0.7003920324146782	0.48368251071544904	0.7534056014714207	chr4:155991979-155992001_-_CTGCCCTACGCGTTGGGCGG	peak_1
629.5602475454532	0.4633426473190951	0.14564493583102647	3.1813165674133246	0.0014660733218189812	0.010332326268057582	chr4:155991655-155991677_+_TTGCGCTGGCAGCACTGGGA	peak_1
310.7351095075653	0.3896391276842364	0.1828252106409905	2.1312111514497936	0.03307175073122502	0.13596164189503618	chr4:155993489-155993511_+_GAGGCTCGGGGCTCTGTTAC	peak_1
652.4199858010923	0.2694711362226075	0.14629783426667867	1.8419352382988983	0.06548462339665512	0.21080874574396072	chr4:155993330-155993352_-_CAGGGACCCCTCACTCACCC	peak_1
452.42494540823657	0.28499361680725654	0.17745531686458976	1.6060021296782314	0.10827344202774286	0.2949288850326247	chr4:155992239-155992261_+_CTCGTAGGCGTCGCGCAGGG	peak_1
489.826179846073	0.09934215531890894	0.18024820042246054	0.5511408995267285	0.5815370902476629	0.780067879365445	chr4:155993591-155993613_+_CTAGTAGTGTGAGCTGGAAA	peak_1
316.71287024947407	0.21233424760442338	0.1955790578335113	1.0856696517332398	0.27762517205925935	0.5382776261760313	chr4:155993312-155993334_+_GACCCGGCGCATCAGAAGCC	peak_1
274.32128434588145	0.5110099542155438	0.19431573862854984	2.6297918934522357	0.008543715099005022	0.04570372896335216	chr4:155992067-155992089_+_CGGAAAAGAAGCCCCAGTAG	peak_1
369.2857971111523	-0.03733639497141778	0.16118212672646962	-0.23164103694188526	0.816816831385853	0.9044056686666304	chr4:155992203-155992225_-_AGGTCCTGGCCATGCTGACC	peak_1
433.3742301292781	0.24847839575920322	0.16351911053811718	1.519567926595843	0.12861960399630973	0.3379118590198907	chr4:155992020-155992042_-_GTCGCTGGCGAGAAGCAGCC	peak_1
335.307818894256	0.23415044865136705	0.18419583469796033	1.2712038197569506	0.20365614803877236	0.44937704687669366	chr4:155993624-155993646_+_TAAAACCTTCCTGCCCAGCC	peak_1
363.1613837371118	0.292713358938643	0.18134886159005412	1.6140898617843682	0.10650793610416714	0.29191063969290254	chr4:155991767-155991789_-_GCAAAGCCCAGAGGACATGT	peak_1
365.5842295205883	0.34528121344546514	0.18067957126547796	1.9110141286428726	0.05600276525400448	0.1898108990288396	chr4:155991938-155991960_+_TGAGGCGCAGGTAATGCACC	peak_1
319.5455101699388	0.1353389383132983	0.19902452388259073	0.6800113658010203	0.49649726427096497	0.7534056014714207	chr4:155993508-155993530_-_GTTGAGGTCACAACGCCAGC	peak_1
477.175378172214	0.22272085467314734	0.13519760477381906	1.647372784789728	0.09948144572992418	0.279555455089154	chr4:155992185-155992207_+_GTCCACGCGCTCATCCAGCC	peak_1
592.7966708584635	0.14699420721879783	0.1706146114480887	0.8615569673147389	0.3889313599890411	0.6798642670674577	chr4:155993646-155993668_+_GGTTGGTGGGCGTTCTTCTC	peak_1
321.5975500625047	0.2510628804190702	0.18963176575696206	1.3239494945210823	0.18551981881141566	0.43126073064014947	chr4:155991956-155991978_-_CTATGTCCTTTCTGCGGACC	peak_1
357.4336939492813	0.09575422308190461	0.16631097398296385	0.5757540875908359	0.5647814106790875	0.7702685495064301	chr4:155991603-155991625_-_GCCGGGGTCTCTCCTGACAC	peak_1
471.23232984269293	0.08837980703224702	0.15827911001593736	0.5583794792840819	0.5765852824417768	0.7770491727905611	chr4:155991914-155991936_+_GCCACGCGCGCAGGTACTCG	peak_1
461.7762021403036	0.4973937386359308	0.18166430120965868	2.7379828360547784	0.0061817302126796194	0.035188310441407064	chr4:155991735-155991757_-_AGATGTTGCTGCATGAGGGC	peak_1
420.1445972168104	0.08803461305887546	0.16850803778027915	0.5224356904189074	0.6013670116488532	0.7830115928800317	chr4:155991627-155991649_-_GCGTTCCCTGATGTCACTGC	peak_1
684.2091417273265	0.19609073639422905	0.15137901234999804	1.2953627675998747	0.19519511569156173	0.4451274187825353	chr4:155992047-155992069_+_CGGCTTGACGCGCCCGCGCC	peak_1
354.98792739035446	0.003145154681507122	0.16769153791461844	0.01875559566463338	0.9850360771114377	0.9918819439444335	chr4:155992166-155992188_-_GGACTTCGAGTTCGTGCTCA	peak_1
264.24937060836044	-0.0950363586380859	0.2137016714276371	-0.44471509278890586	0.6565256608097118	0.8164731189470178	chr4:155991800-155991822_-_AGGCTGCAACAATCAGTATC	peak_1
394.36411458553397	0.12868535620314323	0.17277301486864188	0.7448232370140777	0.45637858546148974	0.7236860426603623	chr4:155993665-155993687_-_AGAACTACGCCGAACAGTAC	peak_1
673.7298610383239	0.17428987161942583	0.1500238851361379	1.1617474874835294	0.24533805018340646	0.5066516013089882	chr4:155992939-155992961_+_GCGCGACTCGACTCGGACGC	peak_1
320.42390344731047	0.22765664642842415	0.19825069060818076	1.1483271293029733	0.2508335436351599	0.5098908431655786	chr4:155991820-155991842_-_GACACGGAGTACAAATCTCG	peak_1
381.11670157954524	-0.12393925319383327	0.2035250684269297	-0.6089630832790035	0.5425489088026164	0.7671710684979671	chr4:155993957-155993979_-_GAGCCTTTGCCCAGCATTTA	peak_1
170.51601591109858	0.6650541456964465	0.21679476465266298	3.0676670018390935	0.00215736876335766	0.014296592998967178	chr4:155991580-155991602_+_ATCAGATTGTTCAGGATGCT	peak_1
331.9276741014547	0.16460777825993808	0.16217102717550128	1.0150258102626417	0.3100935243559934	0.5858788289960046	chr4:155991893-155991915_-_GCACAGTGAAGACGTATCGC	peak_1
458.56604517673617	0.1516806102297862	0.16377748632083974	0.9261383456126822	0.3543740884948113	0.6344439326278073	chr4:155991856-155991878_+_TGCTCCCGTTGCACATCCAC	peak_1
323.2903241327713	0.06354847859603364	0.19613044299413782	0.3240112938404624	0.7459294838459687	0.8669965728471468	chr4:155991558-155991580_-_TAAATGATCTGGGCTGAGCT	peak_1
259.2544114684779	0.13623408605495937	0.2052565666363532	0.6637258348782631	0.5068658011135627	0.7548312821274875	chr4:155991530-155991552_+_CCCAAGGTCTCAACAGCAAT	peak_1
488.55356347734323	0.36999847416602966	0.15825642407616067	2.337968119309763	0.01938890202469336	0.08608672498963853	chr4:155991530-155991552_-_CCAATTGCTGTTGAGACCTT	peak_1
299.1723235581948	0.5834355100301896	0.18997754200261138	3.07107621185124	0.002132887022453497	0.014296592998967178	chr4:155993920-155993942_-_TCCTCCAGCAACACAAAAAT	peak_1
319.71041078712915	-0.07135934034856659	0.17587719451550712	-0.40573390168715034	0.684938129762577	0.8263927435178918	chr4:156004272-156004294_+_GACCACATCATAGTGTTGTA	peak_2
332.604226086792	0.14193666872528204	0.1638873263008498	0.8660625072662869	0.3864558843833511	0.6782071646885688	chr4:156004252-156004274_-_GTCATGAGACTAAAGGGGCC	peak_2
384.27980862926495	0.11160312917784802	0.19422535799257198	0.5746063764862064	0.5655575386015681	0.7702685495064301	chr4:156004354-156004376_+_CAGCTTCAATGTGAGTGCAC	peak_2
360.2130519887297	0.318292393884266	0.1614556185451671	1.9713924900992152	0.04867899938842861	0.17507704872124932	chr4:156004324-156004346_+_GAGAGACACCAAGACGTTTC	peak_2
441.34234849111726	0.08475512547247036	0.150766904612534	0.5621600157560325	0.5740070010051848	0.7770491727905611	chr4:156004492-156004514_+_ATCTTAAGATGGTACAGAGT	peak_2
275.74447974853905	0.32679926389549996	0.22253755192671013	1.468512891716932	0.14196495702719827	0.36434936948020824	chr4:156004198-156004220_+_TATAAAAACATTGTGCCTAG	peak_2
593.8154124670021	-0.09991232842817972	0.19093431386511064	-0.5232811557317286	0.6007786126411577	0.7830115928800317	chr4:156004569-156004591_-_GCTACGAGTCACCGTGTGGA	peak_2
385.67262193240515	0.1493574985702082	0.1790011447815128	0.8343940970462095	0.4040589425301585	0.6900083480130399	chr4:156004404-156004426_-_AAGACATTTCACTGCACTTG	peak_2
244.9487198135075	-0.11666041898063442	0.17733472046686688	-0.6578543596736387	0.5106317203200978	0.7548312821274875	chr4:156004084-156004106_+_AACTGGAGACATTAGAGTCT	peak_2
339.97002335182174	-0.3156564824811541	0.24013408150318055	-1.3145009675645447	0.188677672700726	0.43631711812042884	chr4:156008191-156008213_+_ATATGGCCAGAGACAGACTC	peak_3
260.2563846280316	-0.025867528437304586	0.18557127873333312	-0.13939403022854824	0.8891387894944535	0.9444440730515247	chr4:156008168-156008190_+_ATAGAGGAACTGCTATAGTC	peak_3
481.08078482137284	-0.35247584799605364	0.1710820425366294	-2.0602737889371823	0.039372374209217006	0.1535566882881494	chr4:156008593-156008615_+_TAAACAGCTTGGAGTGTGCA	peak_3
434.26520322688833	-0.08915727537633142	0.14545147154816743	-0.612969222156039	0.5398966906932947	0.7658598423892103	chr4:156008360-156008382_-_GGTTGCCTATGCATCCTCCA	peak_3
397.1003373012715	-0.4316241659511994	0.16907815077024713	-2.552808650821563	0.010685818412786884	0.05391481108269747	chr4:156008214-156008236_+_ACAATAGGGTAAAGCCATGA	peak_3
575.6319473036878	-0.2296975168482728	0.13504777909745747	-1.7008611202892214	0.08896906889989294	0.259359549333217	chr4:156008131-156008153_+_CACTTGGTCTGTCTGGTGAT	peak_3
360.3274641040553	-0.3737428494217432	0.1834399768693723	-2.0374122140665425	0.04160875090097514	0.15789987521395693	chr4:156008108-156008130_-_GCCTTCAGGCACGTATTTCT	peak_3
298.6315620332278	-0.24264297142334015	0.22409109599483162	-1.0827872046684819	0.278902886226342	0.5384038325412863	chr4:156008520-156008542_-_TTTGACGTCTATAGGAACAA	peak_3
165.93410886019544	0.266726022269531	0.2378920939734804	1.121205912371619	0.26220022364594164	0.5244004472918833	chr4:156008085-156008107_-_GTTAACCTAACCTGAATAAG	peak_3
494.5115966706147	0.004892625523956245	0.17560782880771697	0.02786109000478253	0.9777729420650608	0.9911670919563631	chr4:156007910-156007932_-_AAGACTTCACCATGCACTGA	peak_3
387.8355392511194	-0.6167690402793186	0.18278884885963667	-3.3742159006260537	7.402628345369002e-4	0.005388142598924323	chr4:156008651-156008673_-_CTACCCAGAAGAGCCTAGTA	peak_3
437.5644633249553	-0.2958027013589563	0.17596091586992538	-1.6810704803197372	0.09274922542924617	0.26740685773107337	chr4:156008799-156008821_+_TTGGGAACCTCAGAGACCGA	Sdf4_ENSMUST00000050078.12
226.4292784954324	0.009374233350039287	0.19814234031248845	0.04731060173840316	0.9622656785802725	0.9867112269968613	chr4:156008064-156008086_-_GGGCTCATTTAAAGGATGAT	peak_3
319.5110287802113	0.09155443481823744	0.1810382465189397	0.5057187449540353	0.6130541072282152	0.7899966266991204	chr4:156007883-156007905_+_TCTCTCTTATGTAAGGCTAG	peak_3
285.26079188382226	0.21475114937244985	0.21422409583166144	1.0024602906537767	0.3161213358934723	0.5947367505792446	chr4:156008770-156008792_+_AGATGTGCCTCTTGCAGCAC	Sdf4_ENSMUST00000050078.12
535.8602224163085	-0.18892603138108552	0.13996363970080558	-1.3498222237214237	0.1770730144201187	0.42728488262246034	chr4:156007805-156007827_+_CTTGACCTCAGCACGGTGAA	peak_3
367.25551986122844	-0.033933209154442256	0.1741549981633071	-0.1948448767610029	0.8455143889384015	0.9178689209991447	chr4:156008674-156008696_-_GGGTCAAGACAAAGGGTGCT	peak_3
518.245466836695	0.10519304374373041	0.17139945402581924	0.6137303315323535	0.539393541500264	0.7658598423892103	chr4:156008842-156008864_+_TGCAGACCTGCTGCTGACTG	Sdf4_ENSMUST00000050078.12
573.8645176855415	0.18480222960959433	0.16753167905191318	1.103088267576722	0.2699888353275369	0.5288911580900444	chr4:156007842-156007864_+_TCTGAGCAGTTGGTGGATTC	peak_3
264.1485465216606	0.056289757757293085	0.1832031615813711	0.3072532006075209	0.7586506543400435	0.8681466250695343	chr4:156008749-156008771_-_CTGTGACTATCCAGGCACAA	peak_3
195.47402349505376	0.05093697731927687	0.2603991184488075	0.19561117419562501	0.8449145135047512	0.9178689209991447	chr4:156008325-156008347_+_GAGAAAGATTATTTCTGCCC	peak_3
449.63843440680756	0.21225846070746077	0.1540487797013059	1.3778652522858084	0.1682448949474952	0.4196670413297071	chr4:156008988-156009010_+_TAACCAATGGGCTGGGAGCC	peak_3
342.5552560870773	-0.11133680259789333	0.16318089731803298	-0.6822906628641856	0.49505517597446136	0.7534056014714207	chr4:156009011-156009033_+_GCAGAGGATACCAAGCCCCA	peak_3
378.28847139623696	-0.022325085188993135	0.20171083821805005	-0.11067865954163379	0.9118711692122298	0.9622878754240445	chr4:156008880-156008902_+_TCCTTCACCCTGAGCACAGC	Sdf4_ENSMUST00000050078.12
398.8981323242443	0.2678113591766752	0.16132017163209716	1.6601231976583761	0.09688967105749144	0.2740064582772369	chr4:156007776-156007798_+_TGCACTAGATATGAGAGTCA	peak_3
438.99227319163657	-0.4461502117406962	0.1898723885612008	-2.349737184650681	0.018786670634315574	0.08425537132965771	chr4:156007743-156007765_-_TGCATCCAAGTAGTGCTGTG	peak_3
273.87735142870923	0.048844382154055004	0.19679309472634052	0.24820170759536941	0.8039783452135363	0.8946525946737095	chr4:156008254-156008276_+_GGTCCCTAGAGCTGAGCACC	peak_3
294.7374171995843	0.15649857125374364	0.24499237726910475	0.6387895533657455	0.5229598451351833	0.7548312821274875	chr4:156008725-156008747_-_CACGAACGCAAACACTCATA	peak_3
448.0021561202814	-0.07957447334202408	0.14942576107886552	-0.5325351717634914	0.594355388580437	0.7830115928800317	chr4:156008026-156008048_-_GCACAACCCCCTAGTTCCAG	peak_3
488.2688990026885	0.07957558756063252	0.16226898758702857	0.4903930735252434	0.6238557770752742	0.7936732522103774	chr4:156007641-156007663_+_ATGAAGCAGACAGCGTGACC	peak_3
590.4244849781319	-0.10670619470665042	0.1848647703019551	-0.5772121672093512	0.5637961387145064	0.7702685495064301	chr4:156008303-156008325_+_TGACTGTGTTGAGTCCCAGA	peak_3
555.7042884648403	0.24797649687174866	0.14597932764756877	1.6987096794309604	0.08937389875671665	0.259359549333217	chr4:156008280-156008302_-_GGGACTACGTTCTGGTGTCG	peak_3
337.6338114295858	-0.01816910249874435	0.19029119378617398	-0.09548052191611436	0.9239331608293024	0.9721002924365172	chr4:156007659-156007681_-_TTACAGTCTCACTCCCTTCC	peak_3
315.3269139788244	0.27586704532866746	0.18634598775982694	1.4804023882940813	0.13876589303048606	0.35820963084613844	chr4:156008957-156008979_-_CCGAAAACAGTGTCACAGTG	peak_3
554.919274491005	0.012100476447536099	0.1505761309821902	0.08036118585732101	0.9359499962261691	0.9733569376456348	chr4:156008899-156008921_+_CCGGGGCATGCTCAAGTTCA	Sdf4_ENSMUST00000050078.12
442.3229195729341	-0.1279574175264971	0.20438084078801888	-0.6260734471643203	0.5312667675926636	0.7609111122940085	chr4:156008899-156008921_-_CCATGAACTTGAGCATGCCC	Sdf4_ENSMUST00000050078.12
382.41347786538654	-0.09903552404781554	0.20581443159290108	-0.48118843407301404	0.63038258027339	0.7978407783687476	chr4:156007617-156007639_+_TGGTTGACATCTTGCTCTCC	peak_3
505.2005932540577	0.45969473597943405	0.14705111286333697	3.126088113366777	0.0017714846503826313	0.012289674762029504	chr4:156009056-156009078_+_TTTCTAAGGAGGTCCTTGGG	peak_3
493.96734407732373	0.05268464307723788	0.17474001495302308	0.3015030248875826	0.7630309437339619	0.8684362036751606	chr4:156008923-156008945_+_CAAGGAGATCTTTCGGGACT	Sdf4_ENSMUST00000050078.12
252.21051042100692	-0.09595910775419991	0.21205754275976352	-0.45251447557755775	0.6508983953721286	0.8163810382633477	chr4:156007691-156007713_-_GAAAGTTTATCGCTTGGGGC	peak_3
492.30555444616164	0.025072319126652073	0.1489945230664523	0.16827678367391863	0.8663655373510807	0.9327593165160484	chr4:156010508-156010530_+_AGGTGCTGCCTCGTTGGTCT	peak_4
388.15366414073236	0.02046560143633153	0.24792900354532163	0.08254621743998741	0.934212367505172	0.9733569376456348	chr4:156010485-156010507_+_AATGATCAGCCCCACAGCCC	peak_4
326.13869255300193	0.15821275802798518	0.207330560591731	0.7630942470634269	0.44540719074008417	0.7211124511195252	chr4:156010391-156010413_+_CTCTGTGTGCTTACCACACT	peak_4
337.46593389431894	0.2273592305452822	0.2059583508043389	1.1039087740670162	0.2696327123971212	0.5288911580900444	chr4:156010624-156010646_+_TTACTTTAGCCAGCAGTAGT	peak_4
629.0080677306642	0.06754187930556692	0.14050559400804438	0.48070598030210765	0.6307254801969153	0.7978407783687476	chr4:156010549-156010571_-_CTGCGGGTTTCTGAGGAGTT	peak_4
570.8812024383036	-0.0032689695027638102	0.17598631324508132	-0.018575134864103844	0.9851800389177819	0.9918819439444335	chr4:156010329-156010351_+_GGGATGGTTGGTTCAGGTGA	peak_4
421.81612374211795	0.36473763212168286	0.17426451479273994	2.0930114920727294	0.03634812869730981	0.14671426492368686	chr4:156010580-156010602_+_TCTACCCTGTGAGAAAGTGC	peak_4
411.83142516715697	0.06393495564953638	0.17246955231643038	0.37070285619014504	0.7108588627466725	0.840333049290661	chr4:156010245-156010267_-_CAGCTCATGACTGGTACAGA	peak_4
234.9425294836807	0.016128506558903404	0.20829633331656586	0.07743058316053757	0.938281011964711	0.9733569376456348	chr4:156010221-156010243_-_CTACTGCCTCAGACACATGC	peak_4
175.84997399739007	0.4263711307255626	0.22820696862781734	1.8683528083707694	0.06171291034428377	0.20147450141810289	chr4:156010461-156010483_+_AAAGTTAGATCATATTTCTC	peak_4
291.3873378927369	0.22127820702120535	0.17780453433721433	1.2445026098240062	0.21331463943942217	0.4613937103696193	chr4:156012761-156012783_-_CACTCAAACCACTGCACTGA	peak_5
593.7594516158556	-0.05354376635028808	0.14272436645538314	-0.3751550466123549	0.7075451602619639	0.8399733988136684	chr4:156012798-156012820_-_GTGTGTCAGTGAGCTCAACG	peak_5
394.2861939112206	-0.3294262213534882	0.16360193411784768	-2.0135839049200484	0.04405323765651629	0.16299697932911028	chr4:156012712-156012734_+_ACAGCTTAAATGTGTAGTAA	peak_5
392.45178581199826	0.10542067240648355	0.1993709552388719	0.5287664508612907	0.596967473549306	0.7830115928800317	chr4:156012863-156012885_+_GGGGTACAAGGTCATCGAGA	peak_5
364.123331772094	-0.009294433102248827	0.22628673719942732	-0.04107369798724708	0.9672371428688735	0.9872489458247813	chr4:156012527-156012549_-_ATAAGTGCAGGGAATAGGAC	peak_5
472.253328490881	0.05168488316246096	0.17537554688330495	0.2947097476300509	0.768215616205211	0.8684362036751606	chr4:156012494-156012516_+_TCACATGTGATCTTAGGTGG	peak_5
227.49348738987186	0.05546096021771973	0.18858017856157994	0.2940975061151998	0.7686833964962569	0.8684362036751606	chr4:156012649-156012671_-_TACATGCTAGCTATGCATAG	peak_5
265.9723940629898	0.20902223264522812	0.21441512726368195	0.9748483482146211	0.32963549048679586	0.6123772291888593	chr4:156012676-156012698_-_TATCAATTCCCAAACTAACT	peak_5
253.177257008607	0.14708323615209895	0.218094818670404	0.6744004146855896	0.5000567791752334	0.7534056014714207	chr4:156012605-156012627_-_TTCAGGAGACTAAAACACGA	peak_5
292.6736492209852	0.36864058138679695	0.2618609847382975	1.407772073244185	0.1591985722769334	0.4039095205197624	chr4:156013730-156013752_+_TACGCCTGTGCCAAATACAC	peak_6
453.5359952370134	0.4396450199527349	0.18351342610837948	2.3957103808474978	0.016588191657390994	0.07592945459671754	chr4:156013767-156013789_-_GAGTAGGCGGACAGGCAAGA	peak_6
315.3743071305019	0.17888310156140733	0.18590926714292577	0.9622064801314246	0.3359458946641311	0.6127173577532337	chr4:156013698-156013720_+_AAGCACTTCTTAGCTTATCA	peak_6
527.4090962890218	0.2571243335419507	0.14216275282165974	1.8086617516791328	0.07050356855912661	0.22201123716490934	chr4:156013811-156013833_+_TCTTATAGCCACACCCTGCA	peak_6
492.34711791560375	0.250699713047893	0.18372804155904027	1.3645152417701665	0.17240546047464908	0.42719183739182276	chr4:156013841-156013863_-_TTTCTGCCTTCACAGGAGTC	peak_6
619.3004214741158	0.44803303554403945	0.1455420157780577	3.078375911924027	0.002081321886747709	0.01421702950332281	chr4:156014229-156014251_-_CACAGCGGCTCACCATACCA	peak_6
513.9781570688637	-0.09727820415378317	0.15144887460082906	-0.6423171146710565	0.5206673040682449	0.7548312821274875	chr4:156013671-156013693_-_CCGCTGGGGAACGTGAAGAG	peak_6
552.0662442881943	0.23950277728832625	0.13222253693180616	1.8113612311935137	0.07008495307489043	0.22201123716490934	chr4:156013671-156013693_+_CCTCTCTTCACGTTCCCCAG	peak_6
372.8266621672275	0.46575386895624277	0.18312312427717933	2.5433918888980243	0.010978202414616578	0.054323667236168105	chr4:156014003-156014025_-_TCAAAGCCAGGCTACTCACC	peak_6
426.21377744120133	0.34432758959859167	0.17609901483239418	1.9553067342614747	0.05054687682315216	0.17811756594825048	chr4:156013985-156014007_+_TGCTGTCGTGAGTGCCAGCC	peak_6
279.47992010446603	0.351301489891122	0.18157387046640824	1.934757952720482	0.053020005080263936	0.1824874593460247	chr4:156014258-156014280_-_CGGATGACATAGAGTATCCC	peak_6
372.9273754114699	0.7165816141139809	0.1787126848094383	4.009685237945328	6.079974079770142e-5	5.623976023787381e-4	chr4:156013923-156013945_+_CACTTGGAGTTACAGCAAGG	peak_6
275.83694992959306	0.41605621474939025	0.1873298997181862	2.2209813562879894	0.02635222417491599	0.11250372628521825	chr4:156014071-156014093_+_GACACAGGTCCAGAATACGT	peak_6
414.0175963639708	0.2738547665753277	0.23881715994203903	1.146713103203272	0.2515002131830219	0.5098908431655786	chr4:156013965-156013987_-_GCACTTGTGACCACTGGGGT	peak_6
883.3554799563738	0.30024305264480683	0.12190372807142685	2.4629521786969955	0.013779829358300313	0.06373171078213895	chr4:156014592-156014614_+_GGCCCAGTTGTGGAGGTGGT	peak_6
77.47318415813372	0.5077259995754441	0.2848797472639542	1.7822467355147311	0.07470900451791121	0.2319636224192488	chr4:156013533-156013555_-_GTATGGTAAGTATAATGCCC	peak_6
438.8735306704325	0.05659301987650827	0.16258003650048292	0.3480932905088883	0.7277701230199368	0.8548410968805608	chr4:156014562-156014584_+_TGGCCTTGCTCAAGCTGTTC	peak_6
227.0451418162464	-0.07031062879303315	0.20631840549650524	-0.3407869919498002	0.7332639438433407	0.8590216123125153	chr4:156015020-156015042_+_GGGTTGTCCCTATACCAGGC	peak_6
381.40657852300143	0.380015536579839	0.15988645502860985	2.3767838026794674	0.017464320869579306	0.07912406598054299	chr4:156014194-156014216_+_GCTAACTTGTGTAACTTTCT	peak_6
373.97741159110655	0.11755870454823578	0.16274783311508423	0.7223365269945329	0.47008760070942374	0.7349256856161412	chr4:156013416-156013438_+_AAGTGTACTGCCATGCCCAG	peak_6
304.7954505021939	0.6258613086319679	0.17208661857077007	3.6368970105283602	2.7594219687817955e-4	0.0021878274181055665	chr4:156014321-156014343_-_GCACTGTGTACACTGCTTGC	peak_6
639.719357926545	0.3755389654733789	0.14872671523998596	2.5250269587908796	0.011568941413402213	0.05523236545753315	chr4:156014047-156014069_+_AGGGGTGATTCTTGGGGCAA	peak_6
374.66845819468017	0.33286265133576337	0.19446740775964105	1.711662921671568	0.08695880539147037	0.2573244245330499	chr4:156014160-156014182_-_ACTGTGGATACACAGCACCG	peak_6
525.7266579219887	0.10429783437850751	0.17570992492592127	0.5935796422568568	0.5527933004400882	0.7696334112361873	chr4:156015000-156015022_+_CTTGGAGTTGGTGAGCCTCA	peak_6
196.0798817286996	0.19760320822237987	0.24707851316267374	0.7997587717887882	0.4238505742024214	0.7035873288622742	chr4:156014847-156014869_+_CCCTGTCCATAGGTCAGGGC	peak_6
426.1504198532641	-0.06797077960173287	0.15168627653101643	-0.44810104879747886	0.6540802711665292	0.8164731189470178	chr4:156014847-156014869_-_CCAGCCCTGACCTATGGACA	peak_6
618.3095069842441	0.09188881862418725	0.1535463333587347	0.5984435877703753	0.5495439892519443	0.7696334112361873	chr4:156014021-156014043_+_TTTGAGATGTAGTGGCCGGG	peak_6
336.8048069599688	0.602124648316911	0.2368395088618584	2.5423319411969936	0.011011554169493534	0.054323667236168105	chr4:156014346-156014368_-_AGAGTAGGAAGGACTCACGA	peak_6
515.551282065303	0.13323951739787093	0.14361895639375538	0.9277293244811814	0.353547993137471	0.6344439326278073	chr4:156014631-156014653_+_GACTCAGGCTGGAGACAAGT	peak_6
751.8440163417671	0.060154313279889585	0.12024494859321817	0.5002647843726742	0.616888647002017	0.7899966266991204	chr4:156015038-156015060_+_GCAGGCGCGTGTCTGTCCGT	peak_6
484.4618902660426	0.2853745513889406	0.2132913905757298	1.337956260769079	0.18091069540521973	0.4288879767232099	chr4:156014934-156014956_-_CTGCAGACAGTATCCTGAGT	peak_6
220.05056837568134	0.36688047976800764	0.23431720139878617	1.5657428373925097	0.11740883330596026	0.31593649689603853	chr4:156013348-156013370_-_GTCTACATAGTTAAGTCTCA	peak_6
376.0650417441641	-0.09627813011020443	0.1610658293868068	-0.5977563985902199	0.5500024874948929	0.7696334112361873	chr4:156013640-156013662_+_GTGCTTCGTGTGCATATGTT	peak_6
391.85121590418174	0.15287786008509577	0.182763585714318	0.8364787738628783	0.40288561305460086	0.6900083480130399	chr4:156014278-156014300_-_TTGTAGAAGCCAGTCTCACA	peak_6
530.27211682881	0.33938941053693805	0.16751909890389396	2.0259744277376184	0.04276740524786571	0.16092142313603708	chr4:156014526-156014548_-_TGTTCTACCCCAGTTCCACA	peak_6
533.72163926244	-0.1596396203116874	0.1636525772792869	-0.9754788037297388	0.3293228108178528	0.6123772291888593	chr4:156014688-156014710_-_GAAAGCGACTGAGTGGGCAC	peak_6
303.16038415961907	-0.2993429257573372	0.24217445686218153	-1.236063165520753	0.21643508528150401	0.4637155920069078	chr4:156014371-156014393_+_ACTCTCACTGTCCAGTGCGC	peak_6
415.52612320505557	0.013420598444130509	0.17215866490037549	0.07795482412631813	0.9378639887066993	0.9733569376456348	chr4:156014959-156014981_+_GTAGACCAGGCACCCAACCT	peak_6
319.70238103058	0.2256818226916357	0.1952650386819001	1.1557717869776298	0.24777451596537037	0.5087352149094535	chr4:156014820-156014842_-_ATGGACTTGCTCCTTCTCAA	peak_6
414.13033908813065	0.09826203242001182	0.18493869038045335	0.5313222031467212	0.5951955218851478	0.7830115928800317	chr4:156014982-156015004_+_CAGGACAGCGGCTACAAGCT	peak_6
487.14746142086943	0.23033400065392495	0.14029207454226866	1.6418176251611956	0.10062780526997414	0.28099839962181455	chr4:156014500-156014522_-_TGGCTGAACTTTCACCCCAT	peak_6
370.2583493053535	0.18906180630437075	0.1828711606412772	1.0338524983457462	0.301205124589706	0.5715174158881601	chr4:156014463-156014485_-_TTAAGGACCCCTTAGTGATC	peak_6
206.66029779081234	0.5084098646598545	0.2468362106454558	2.0597053541310073	0.03942671726317349	0.1535566882881494	chr4:156014708-156014730_+_TTCTCCAGGGCTATCTGACC	peak_6
166.30894748004513	0.054375562295030884	0.24250082092908143	0.22422836379153058	0.8225796142045856	0.9085207679274528	chr4:156014389-156014411_+_GCAGGGACTAGCCACAACAG	peak_6
382.8358291111102	0.11623784908358714	0.2196096854327021	0.5292929082547566	0.5966022743916024	0.7830115928800317	chr4:156014770-156014792_-_ATGTATGATAGCCTGCCTCC	peak_6
368.15979456888806	0.1194275107632422	0.20499791446216134	0.5825791500200175	0.5601766446541678	0.7702685495064301	chr4:156014897-156014919_-_TGAGTTCACTTCCACTTCCT	peak_6
321.91061215786266	0.032076316172702284	0.16107310184026907	0.19914135759620075	0.8421521703806116	0.9178689209991447	chr4:156015070-156015092_+_ATGCTGGCCCCCTTGAATCA	peak_6
197.44587296087104	-0.1840230226940322	0.2460939549940229	-0.7477754693263462	0.45459560082103695	0.7236860426603623	chr4:156015147-156015169_-_TTAAGAGTAGTTAGAGATGC	peak_6
262.8471215482515	0.2741864209633722	0.21427218291558617	1.2796174343889968	0.20067971521280764	0.4477477063039527	chr4:156015094-156015116_-_GCTCATTTATACCATTATCA	peak_6
341.3121083256474	0.1344426957397502	0.19568309475511664	0.6870429758278077	0.49205564702366344	0.7534056014714207	chr4:156015123-156015145_-_GAAGTGACAATGTATAAAGT	peak_6
247.713055070279	0.5321083331866472	0.20587956948380048	2.584561132125914	0.009750301790945713	0.050338767385812756	chr4:156014415-156014437_-_TGCAATCATATAGGAAATAT	peak_6
549.0674215022443	0.09017956756055595	0.13855866044273488	0.650840353626444	0.5151495479140153	0.7548312821274875	chr4:156016683-156016705_-_GAGTACATGTGACCAAGTGT	peak_7
443.5222959765022	0.18187468503859935	0.15562737340120833	1.1686548520595108	0.242542718841449	0.5032194727364643	chr4:156016703-156016725_+_CTCCAGTGTGAGTACGGGTA	peak_7
467.0824204383556	0.03170384461100964	0.1477345126218123	0.21460012320999608	0.8300790978648235	0.9145288323870512	chr4:156016768-156016790_-_CTGCTCATCGAGTTGCCAGT	peak_7
339.9346716848883	0.42202355693067045	0.1874987956452091	2.2508067610697413	0.024397779137490985	0.10517100909753395	chr4:156016597-156016619_+_TGAGTCTGTGACTGGCACTA	peak_7
432.7884602969917	-0.14432982361747704	0.17063601314634705	-0.8458344809878537	0.39764508697791323	0.6843194520085019	chr4:156016619-156016641_+_GCTGAGGTGGCCTCCTATTC	peak_7
280.8832296012183	-0.2041534371886613	0.2738325326730946	-0.7455412079629806	0.45594460935754955	0.7236860426603623	chr4:156016536-156016558_-_GTAGTATGCATAGCATACAT	peak_7
411.5056187946603	0.3955938210306607	0.15642249291491692	2.5290085438405367	0.011438524268539479	0.05523236545753315	chr4:156016077-156016099_+_AAGGGACACTGGCGCAGTGG	peak_7
277.8691912878485	0.17137349993363382	0.17875860699335547	0.9586867050267619	0.33771659807618015	0.6127173577532337	chr4:156016502-156016524_+_CACCGTTCTAGGTGCTGGGC	peak_7
486.60861578639356	-0.0031027415600397234	0.14166748202980908	-0.02190157907505448	0.9825264651584142	0.9918819439444335	chr4:156016648-156016670_+_AGGGTTTGGGGCCAAAATGA	peak_7
227.03061569908687	0.5237379693228007	0.1928419062363775	2.7158929277582677	0.006609729075753736	0.037148350754869094	chr4:156015546-156015568_+_ATAAGAAAGCCCTGTGCTTA	peak_7
571.4945185430779	0.2296927556478221	0.188065276361846	1.221345907608606	0.22195507855157315	0.4692764517947547	chr4:156015523-156015545_+_TCTAGATGACTGTGATGGAC	peak_7
415.67351321236663	0.19484118250182356	0.17732261883279593	1.0987948620674644	0.27185755380298837	0.5294068153005563	chr4:156016059-156016081_+_TTGGTGACTCCTGAGGGTAA	peak_7
349.7842381467585	0.10839899953741315	0.1729878845641389	0.6266276959830787	0.5309033091962748	0.7609111122940085	chr4:156015581-156015603_+_GACATCACGAACACCAACAC	peak_7
306.9707653013343	0.23472680333716392	0.17238478668213453	1.361644538679528	0.1733100920904471	0.42719183739182276	chr4:156016562-156016584_-_TGTTTATTAGGAGCACCACC	peak_7
398.47812545721365	0.1840663888444539	0.22727440420606101	0.8098861351653481	0.4180056211849294	0.7035873288622742	chr4:156016132-156016154_+_CTCAGTTGGCCTCTCCTCAT	peak_7
404.8922758068908	0.11835988614776934	0.2323987991218135	0.5092964619224652	0.610544437539702	0.7899966266991204	chr4:156016736-156016758_-_TACTTTCCCCTTGGCATTTC	peak_7
419.53590116234824	0.27178894776141155	0.20402155274233133	1.3321580201120562	0.18280826801530406	0.4291070236418039	chr4:156016478-156016500_-_GGAGGGTACTGGCAGGCATC	peak_7
319.9614990981294	0.32511629891575416	0.1829352243454551	1.777220871918052	0.07553190666903321	0.2321181158524755	chr4:156015793-156015815_+_GACATAGGTACCTGCCTTGT	peak_7
463.6638457599865	0.19578399916658198	0.14645617270921904	1.3368094737481686	0.18128483599677894	0.4288879767232099	chr4:156015616-156015638_+_AGGGGCCCCTGCAGATTGAG	peak_7
263.7689166459523	0.033518043600981276	0.22462675246214567	0.14921661482253665	0.8813827100323547	0.9425965823082897	chr4:156016161-156016183_+_ATTTGCTGTTCTCCTAGGCC	peak_7
514.5455239344645	0.027622733651589744	0.13872414533886895	0.19911986903299495	0.842168979187968	0.9178689209991447	chr4:156015953-156015975_-_TCTCCCAGAGCAGTGTGGCC	peak_7
349.8593258778262	0.12404257433101164	0.17980749002018476	0.6898632215881937	0.4902802063327379	0.7534056014714207	chr4:156016305-156016327_-_GCTATGGCTCATCGTGAAGG	peak_7
402.25532374507424	0.10095120444158749	0.1708877189198366	0.5907458129799468	0.5546907468368918	0.7696334112361873	chr4:156016040-156016062_+_GTTGCCCTCTCCACCCACCT	peak_7
478.3049013169665	-0.06449422174257266	0.16813317717126272	-0.3835900970150464	0.7012822809915087	0.837014335376962	chr4:156015984-156016006_-_ACAGTGGTTGGCCTGAATGT	peak_7
404.9095407074539	0.47919112320386914	0.1637533598479996	2.926297962061161	0.003430222288652461	0.021153037446690177	chr4:156016003-156016025_+_CTGTCCAATCCACCACAGTC	peak_7
469.95954491777513	0.24971118497621705	0.16251227440904822	1.5365681508320201	0.12439909687481085	0.3307377186372217	chr4:156016197-156016219_+_GGCTCCCTTGACTGTCCTGC	peak_7
374.37436147563756	0.13593466049394098	0.21944990035401346	0.6194336852040175	0.5356306958763666	0.7646946269103111	chr4:156016268-156016290_+_CTTGTTGTGAGTATCACATT	peak_7
349.9814956103399	-0.26110151698768097	0.1926719660396322	-1.3551609108196518	0.17536629566014206	0.42728488262246034	chr4:156015871-156015893_-_TCCAGATAAGGTACAACTGT	peak_7
518.6816977287998	-0.23112939019221754	0.17187494600305717	-1.3447532381369092	0.1787049358644377	0.4288879767232099	chr4:156016220-156016242_-_AGCCTTCCGGAGCAGGTACA	peak_7
414.67829092342373	-0.09870458649781869	0.1702665431071318	-0.5797062928311977	0.562112698998738	0.7702685495064301	chr4:156015732-156015754_+_GAAAGGGCAGAACCCCAGCC	peak_7
662.9388862232374	-0.011311592502186503	0.16249280914798073	-0.06961288048066877	0.9445017846721201	0.9775263225977188	chr4:156015920-156015942_+_CAGCTTGGACGCAGTCTGTG	peak_7
304.5864991679344	-0.0461263682207747	0.19865071441492207	-0.23219835054018723	0.816383958829504	0.9044056686666304	chr4:156015657-156015679_-_AACAAACATGTCCCTGGGCC	peak_7
245.39455017060519	0.13435106019706225	0.20332265755605997	0.6607776123525194	0.5087549421098183	0.7548312821274875	chr4:156015699-156015721_-_CCTATACTTCTGTAGCCCCC	peak_7
421.3061147660406	0.3541145347145113	0.1726710931764428	2.0508038039271677	0.04028605697741415	0.15553921128671203	chr4:156016343-156016365_-_CCCCCTAAGAGAAGCACAGA	peak_7
244.6008764318755	0.38965516342762424	0.211947894984758	1.8384479046401752	0.0659964316630868	0.21080874574396072	chr4:156015681-156015703_+_TCACATTGTAGTTCTTCTCC	peak_7
293.502416895265	0.3375969353041449	0.20684643256688387	1.6321138881376782	0.10265549658899217	0.2830996303447983	chr4:156016428-156016450_+_TCTGAGCATTACTACAGGAG	peak_7
320.9134261356914	0.35695461999822764	0.2130082872860465	1.6757780861308798	0.09378166804044397	0.2686391007094008	chr4:156016399-156016421_+_CACAGACGCACACTTTACTC	peak_7
475.2710459731585	0.06303264314958223	0.15849234569910145	0.3977014970126699	0.6908502338070286	0.8290202805684342	chr4:156016381-156016403_-_CTGTGTGTTCCTCCTGGATC	peak_7
437.0937598898934	0.3422981029221971	0.1722315115189754	1.9874301740914864	0.0468747466490839	0.17200320258010954	chr4:156019150-156019172_+_GTAGCAGCCAATCAGCCAAC	peak_8
299.6705108638488	-0.059463553674434844	0.19154753313930267	-0.31043758538613003	0.7562282159429327	0.8676106663531321	chr4:156019084-156019106_-_TAGTATCTAGCCAGTCCCCG	peak_8
445.27758696064603	0.07790566104463835	0.15316208568520825	0.5086484732569958	0.6109986455895501	0.7899966266991204	chr4:156019107-156019129_-_TCAATTTCCAGAGATTCCTA	peak_8
488.8881767146876	-0.23089630938351957	0.1803170526968939	-1.2805017935361191	0.20036871437202072	0.4477477063039527	chr4:156019055-156019077_-_GCTGATCTTTACTATATTGT	peak_8
517.8744870491333	0.03202830077365346	0.16253388633811278	0.19705614315421133	0.8437836031293312	0.9178689209991447	chr4:156019003-156019025_+_ATGAGTGAAACTGTGGGGTG	peak_8
326.9628459573901	-0.7246222169615618	0.2147031426888975	-3.374995856541939	7.381680223674577e-4	0.005388142598924323	chr4:156022280-156022302_+_TTGTTCTTGGTAGTAGTCGC	peak_9
371.15328379323375	-0.23502243325559904	0.19451489867844854	-1.2082490074146623	0.22695149623218439	0.47756618164497566	chr4:156022301-156022323_+_GGCAGTAGGTACCTAGAAGT	peak_9
528.1175810875721	-1.1529668974808975	0.1628995825021247	-7.077776871931881	1.4648532635559252e-12	2.9563402228128676e-11	chr4:156022043-156022065_-_GGGTATAGAGAATGTACTGT	peak_9
236.09547256601738	-0.12602294073720702	0.21694704737353543	-0.5808926291595158	0.5613128203735382	0.7702685495064301	chr4:156021993-156022015_+_AACACCCAATGTCTATGCCT	peak_9
298.91007745869626	-0.17309514113718177	0.18866010513555798	-0.9174973215074151	0.35888209584771996	0.6399343395838862	chr4:156022260-156022282_-_CAAGCAGCTCCAAAACTGGA	peak_9
822.2093453743345	-1.0050505196249087	0.11582415070534575	-8.677383028533802	4.049793861588737e-18	1.2843631961038566e-16	chr4:156021909-156021931_+_ACACCTCCGCCTCCTCCTAC	peak_9
533.6760978094452	-2.9102199647124305	0.16913220174419297	-17.206776324676746	2.3622068177939344e-66	2.0976396542010138e-64	chr4:156022437-156022459_+_TACAGGAGCATTGTATCTCC	peak_9
574.6166549301021	-1.8502050571853133	0.16745942755001844	-11.048676591424963	2.224701916211761e-28	8.979705916345655e-27	chr4:156022369-156022391_+_CAGCCTGAAAACATCTCCTC	peak_9
378.8751075395558	0.2000929235691798	0.16253008027780355	1.2311131774941118	0.21828053767892733	0.4637155920069078	chr4:156022324-156022346_+_TGGGACAGGAAGTCTGACAT	peak_9
369.7944660690473	-0.11099090803503388	0.21003750164032864	-0.5284337661999826	0.5971983065907642	0.7830115928800317	chr4:156022143-156022165_-_AACGTGTTCCAAGCAGCAGA	peak_9
504.9394492346852	0.404292271238631	0.16322714070659392	2.476869162128861	0.01325404789846276	0.06260422624380284	chr4:156022120-156022142_-_TCCTGGCAGTCCGACCCTGT	peak_9
253.92710641733697	-0.397828979044805	0.20158006622606395	-1.9735531716645822	0.04843257291523528	0.17507704872124932	chr4:156022399-156022421_-_CCACAAAGATCAAAAGATAC	peak_9
315.52176693970586	-0.2869911842424367	0.23098785209296627	-1.2424514174318164	0.21407005481112967	0.4613937103696193	chr4:156021950-156021972_-_CAGCCCCAAAATGAGGCAGC	peak_9
267.8969816010117	-0.4967241584395028	0.22626737440550954	-2.195297310293126	0.028142277728588447	0.11900163153803114	chr4:156021884-156021906_+_GTGTCACCTCCACACTAGGC	peak_9
313.39556412956216	0.48908651282813975	0.1753528228977833	2.7891567683129805	0.00528454780477779	0.030872884543701826	chr4:156022075-156022097_+_CTCAAAAACTCCCTTTACTG	peak_9
352.84004272182847	-0.04929135297284718	0.16432316069594827	-0.2999659498033412	0.7642031284149857	0.8684362036751606	chr4:156022098-156022120_-_GGAATCCCCAGACTGACATG	peak_9
423.06376480566337	-0.31049802192205667	0.17227171687898454	-1.802373759008693	0.07148662089180151	0.2235215470138019	chr4:156022660-156022682_-_TAGAGTGCAGTGTGTGCACA	peak_9
278.392637469752	-0.25711350983842757	0.22772746646763273	-1.1290404000299696	0.2588807914222555	0.5224685063249156	chr4:156021808-156021830_-_GGCATGACTTCCTTACGGGC	peak_9
493.3392482603667	-0.34751501935800283	0.17050813869589934	-2.0381139693149466	0.041538536446267656	0.15789987521395693	chr4:156022211-156022233_+_TCGTCAAATCGAGGAGATAA	peak_9
425.9198068219375	-0.833787077889199	0.1640708386592988	-5.0818724686389825	3.737323100274154e-7	4.9070749178645745e-6	chr4:156021751-156021773_-_CTTAAGGTGTGGCTGTACAC	peak_9
524.1453577309312	-2.4185488215316417	0.18971574275942382	-12.748276902874494	3.1871201367317826e-37	1.5723126007876795e-35	chr4:156022463-156022485_-_CAGACTGTTAATTAGCTCCA	peak_9
508.8429133653172	-0.48468605910271295	0.14211409923677115	-3.410541682392787	6.483397325946805e-4	0.004879031208000647	chr4:156021836-156021858_+_AGGCCAACAGGAAGCGGGGA	peak_9
583.6404513447255	-0.298150817714612	0.1706082467421472	-1.7475756501104502	0.08053753480156604	0.24161260440469812	chr4:156022632-156022654_+_GCGAGGATATCACGGTTGGT	peak_9
455.8677272404422	-1.1230882456646836	0.19005152831602934	-5.909388130766008	3.433807755908531e-9	5.257278081459958e-8	chr4:156022187-156022209_-_CAGCTCCCTGGGTTTCCTCG	peak_9
435.7926021977162	-0.16166410995652863	0.21242608261254442	-0.7610370062295818	0.4466349640943005	0.7211124511195252	chr4:156021573-156021595_+_CTCTTGCCACTGGAGGTCAC	peak_9
402.70049075137945	-0.26166757149286257	0.17383326011109737	-1.5052790894310446	0.1322523388950631	0.3433920378327954	chr4:156021539-156021561_+_AGCATAAGAAGATGTAAAGA	peak_9
514.7602607597739	-0.60212600846846	0.16750898190131375	-3.5945893863959877	3.249035858667623e-4	0.0025308279320147803	chr4:156022683-156022705_+_GGGTTGAGGCTATTAAGACA	peak_9
347.4564616627538	-0.03959305015919966	0.19743154887041087	-0.20054064502724206	0.8410577734258176	0.9178689209991447	chr4:156022609-156022631_-_ATTGGGGATCCCTGTTCTCT	peak_9
425.5895178934503	-0.24280031022877552	0.17454604979737912	-1.3910387001632463	0.16421369164389357	0.4119258705643432	chr4:156022571-156022593_-_ACTTTAGAGGTGTCCCACTG	peak_9
234.99915179185012	0.29458365188065044	0.23415404821085747	1.2580762712903244	0.20836417392069806	0.45349849618034277	chr4:156021596-156021618_-_CCAAATGTTCCTATAACACC	peak_9
370.6619840396452	0.007294823718612205	0.14356358952431597	0.05081249182179755	0.9594749367025146	0.9867112269968613	chr4:156021596-156021618_+_CCTGGTGTTATAGGAACATT	peak_9
477.5061886200072	-0.4448053230423719	0.16727261744744734	-2.6591640032303436	0.00783348207962147	0.04241543955307235	chr4:156021729-156021751_-_GCACCCAACGACGGGCATTT	peak_9
411.71082807897284	-0.08796949398401126	0.1751734156634029	-0.5021851840409697	0.6155372638637199	0.7899966266991204	chr4:156021482-156021504_+_AGTCACTAGACATCCTGGTG	peak_9
271.9709409135644	-0.009720712967181213	0.20510337457328662	-0.04739421273494382	0.9621990414075492	0.9867112269968613	chr4:156021650-156021672_-_AGTTCATCATATCTGGCCAC	peak_9
414.9007976169091	-1.2568916240020525	0.16383396974704767	-7.671740030120963	1.696785898515356e-14	4.185405216337878e-13	chr4:156022535-156022557_-_GTTGTATTCTAGCTCAGCGG	peak_9
492.35667809128137	-2.3916126973710856	0.2158398427084658	-11.08049685062748	1.5600443066908573e-28	6.926596721707406e-27	chr4:156022505-156022527_-_CCTCTTGATATAGACTTGCA	peak_9
381.5319962845634	-2.21176950351488	0.43904464432929025	-5.037687014480511	4.711910986158412e-7	5.9773956510123855e-6	chr4:156022505-156022527_+_CCTTGCAAGTCTATATCAAG	peak_9
283.48834645979383	0.07648173764198239	0.24593668828121507	0.3109814081684703	0.755814755491452	0.8676106663531321	chr4:156021628-156021650_-_GTAGGCCAAGTAAAAAAAGA	peak_9
477.3056300376745	-0.3428523466739177	0.18140854145571284	-1.8899459966035723	0.058765182981451565	0.19617850559221425	chr4:156021706-156021728_-_AGTTCAGTGGGTGTCTCCTT	peak_9
416.7425647476919	-0.4236176925634006	0.20517738130295168	-2.064641286838114	0.0389569537147219	0.1535566882881494	chr4:156022701-156022723_+_CATGGTCCTGGCTGACTCTT	peak_9
223.81357559501322	-0.1742919418285657	0.21484309320480194	-0.8112522456675844	0.4172208279044977	0.7035873288622742	chr4:156022850-156022872_-_TAATTACAGCAGAAGGCTGT	peak_9
307.13898346783475	-0.13874917175656445	0.17562520125530423	-0.7900299658866523	0.4295102682300992	0.7087244322463765	chr4:156022772-156022794_-_CTAAATGGTGAGATAGTTCC	peak_9
392.49801783930496	0.2912362312070022	0.1662504307970057	1.7517923400908721	0.07980952182891489	0.24105733123835515	chr4:156022750-156022772_-_GACAGTCAAAGTTACGAAGA	peak_9
353.64780141073885	-0.07524816275620537	0.17356536141846768	-0.43354366413458134	0.6646198518629263	0.8164731189470178	chr4:156021340-156021362_+_CACTATATGGCCAAATGTGG	peak_9
357.324294244684	-0.12208163307950315	0.1685643936420705	-0.7242433021693253	0.46891637847329676	0.7349256856161412	nontargeting:1-20_._TTTCCTTGTCGTGCCGGAGC	nt
497.3960720419597	-0.10246602260673429	0.2051255714709721	-0.4995282736908038	0.6174072735689071	0.7899966266991204	nontargeting:1-20_._GTTGGCCAAGGCAGGCTAAA	nt
349.4126053679766	-4.967493738141617e-4	0.18251175070194253	-0.0027217391313362413	0.9978283690497652	0.9982011614000696	nontargeting:1-20_._TGGTATTCATCGGGGCCACG	nt
301.90731145808843	0.10693814568141138	0.1585202316684078	0.6746025069222982	0.4999283398331726	0.7534056014714207	nontargeting:1-20_._CAGTCAGGATTATCCGCAGG	nt
389.49351344632083	-0.07151217073797297	0.16789207954231655	-0.4259413007029233	0.6701506191737696	0.8196883606422967	nontargeting:1-20_._AGCAGGGGCCCCACCGTAGT	nt
346.1906750458587	0.09977058343254887	0.23090749354912943	0.43208031882828873	0.6656830384207668	0.8164731189470178	nontargeting:1-20_._TGTACAGGTAGCTGCTCGAC	nt
562.0492290402449	0.12838225108327023	0.17365697275254088	0.7392864740663965	0.45973306085820625	0.7238350319895163	nontargeting:1-20_._ACGCGGCCAAAAGTGATGTG	nt
248.5448094788441	0.37360547832627666	0.21147553257755353	1.7666605387990495	0.07728509578531449	0.23503138718273722	nontargeting:1-20_._TAGCTTAGCATACAACTCAA	nt
268.97851949301986	0.5650694767579882	0.22349080591569806	2.528379073325887	0.011459055383957894	0.05523236545753315	nontargeting:1-20_._TAGGGACGAGATTCGCTTTC	nt
438.55123056042413	0.15352721829411836	0.15924797765701668	0.964076408083376	0.33500761965112463	0.6127173577532337	nontargeting:1-20_._GACGCAATTAGAAGGGTCGA	nt
384.9179645073159	0.061251366805614986	0.20711621721718382	0.29573428690707637	0.7674330105840812	0.8684362036751606	nontargeting:1-20_._GAAGCAGGATGGTACAGACG	nt
591.0713236563689	0.3851468633753389	0.14341082334792468	2.685619218857322	0.007239554210269319	0.04017952586699472	nontargeting:1-20_._GTGCCGCAATTGGCTTGCTT	nt
333.2213939099076	0.06654016333274812	0.1632597233079497	0.40757243724611925	0.6835876032948126	0.8263927435178918	nontargeting:1-20_._AGCCGTCCACGTAACACCAC	nt
266.65277382137253	0.08580753941939964	0.18801843717248298	0.45637832496545083	0.648117949429905	0.8151965142971043	nontargeting:1-20_._CTAACCGGTAAACGTATTAG	nt
263.272390599493	0.19834928989718648	0.18922022546546333	1.0482457116265798	0.29452541476924105	0.56124156290791	nontargeting:1-20_._CGCGTATTAGCCAGCAGAAT	nt
375.0940448109974	0.17757998012817863	0.20728583932261865	0.8566913239634958	0.39161549947672564	0.6818716932065341	nontargeting:1-20_._GCATCGGTTATGGACGTGCC	nt
500.26489518384267	0.054845600188754055	0.20054190964210036	0.27348697480060374	0.7844789034467085	0.8789544436574658	nontargeting:1-20_._CACTATGGGCGCTTCTCGGT	nt
410.84914509785443	0.25605416537450565	0.1623419647882493	1.5772518566501879	0.1147375852135932	0.3106310233831426	nontargeting:1-20_._CTATTAGTGCGCTGACAGGT	nt
237.75755026367995	0.2716149181874088	0.19986447633330665	1.3589954711834162	0.17414802380162145	0.42719183739182276	nontargeting:1-20_._ATAACGGGGGTTAAGAAGTT	nt
211.33440909043924	0.09197522238416168	0.22197090136265263	0.41435711536754083	0.6786125908004172	0.8232349462168996	nontargeting:1-20_._TCCTTCAAGGATGGAACCCC	nt
377.4729086340369	0.26667864797829494	0.1726726731896532	1.5444172088851098	0.12248729372325227	0.32761661694653016	nontargeting:1-20_._GGGGTCAATTACAGATCGGA	nt
437.37467453960187	-0.07885143452752036	0.18929865780859323	-0.41654513265091353	0.677011148841385	0.8232349462168996	nontargeting:1-20_._TTGTCGGACGTTATGGCAGC	nt
343.43380559803506	0.022106997080423605	0.17733098825415058	0.1246651659592619	0.9007886357466507	0.9545349743950189	nontargeting:1-20_._TAAAACACAGATTCGGGGTG	nt
383.7209884850256	-0.128365262115952	0.20127120004080917	-0.6377726276284189	0.5236217002145634	0.7548312821274875	nontargeting:1-20_._TTGTAGGTCATTATAGAGGT	nt
214.1184359924467	0.10138550550256477	0.22124588231460676	0.4582481013517658	0.6467742055090195	0.8151965142971043	nontargeting:1-20_._CGGAAACATAGTGTAGCCGG	nt
409.1326206115577	0.08985745245349228	0.16032224436655448	0.560480255304097	0.5751519036587494	0.7770491727905611	nontargeting:1-20_._TAGTATATCTCTGCAGTGCG	nt
423.0746485759676	0.007034204044511933	0.1590576993073795	0.04422422853557256	0.9647256693650985	0.9869543714242022	nontargeting:1-20_._CTGATCCCCATCGTCTACTT	nt
298.10725445888085	-0.05716069847275674	0.1808688133294582	-0.31603402167866684	0.7519766849362969	0.8676106663531321	nontargeting:1-20_._CATACATTGCCCCAGGCTCG	nt
417.004905505363	0.057651557695797474	0.18315290467920758	0.31477282763696385	0.7529341441570747	0.8676106663531321	nontargeting:1-20_._TGGAATTACCCTAAGAAGAT	nt
311.71718664319604	-0.11432226571396248	0.2102316562391052	-0.5437918711154471	0.5865847032841454	0.7830115928800317	nontargeting:1-20_._TGTGATCCATGTGAACCTCT	nt
439.68493648140844	0.17299134594342086	0.1499497139315059	1.1536623939305406	0.24863860728682752	0.5087352149094535	nontargeting:1-20_._GGGTAGACAGTCTCGGAGAG	nt
444.6683905105484	0.2113709891245986	0.1650492578255505	1.2806539811769893	0.20031523034633034	0.4477477063039527	nontargeting:1-20_._AGTGGTGTCGCTCACCTTCG	nt
677.412450676689	0.1381441312412309	0.14274065005870581	0.967798109259104	0.33314520828045996	0.6127173577532337	nontargeting:1-20_._AGAGTGGCGTCAGGCTGGCG	nt
307.0024336825888	0.08014503761264603	0.18378498432505255	0.43608044425923814	0.6627783650826835	0.8164731189470178	nontargeting:1-20_._AAGCGCGGAATTACCCGTCA	nt
270.74826834464324	0.2530120928587478	0.19479560561263737	1.2988593457384114	0.1939922037155459	0.4451274187825353	nontargeting:1-20_._TTGTGCCTATAGGTAAAATC	nt
546.1995243931406	0.24082328886579527	0.180278394261232	1.3358411020503702	0.18160121536928706	0.4288879767232099	nontargeting:1-20_._TCGCCCCCCACTACCAAGAA	nt
389.1077385379978	0.027392672947113214	0.16435841172818993	0.1666642592799828	0.8676342291016397	0.9327593165160484	nontargeting:1-20_._TCCTGACCTATCCGAAAAAA	nt
603.1795510254335	0.042099755227133495	0.15277154332310827	0.2755732796263862	0.7828758350197598	0.8789544436574658	nontargeting:1-20_._CCCACCCCGCTGTTTGCACG	nt
342.57663335416333	0.27126165418657916	0.1934650386184105	1.4021223479122464	0.1608787146580489	0.4058531210691688	nontargeting:1-20_._GGAACCTCGCTAGTACCATT	nt
320.1301347963038	0.06518249706408104	0.16370246857107126	0.3981766288135241	0.690499992231717	0.8290202805684342	nontargeting:1-20_._TAGCACTATGTGCAACGTCA	nt
